Date,Open,High,Low,Close,Adj Close,Volume
2018-01-30,1.610000,1.610000,1.543333,1.545000,1.323665,13996200
2018-02-02,1.543333,1.565000,1.500000,1.558333,1.335088,25449000
2018-02-05,1.565000,1.565000,1.508333,1.520000,1.302246,22622400
2018-02-06,1.483333,1.495000,1.428333,1.450000,1.242274,45577200
2018-02-07,1.491666,1.530000,1.490000,1.500000,1.285112,24054600
2018-02-08,1.516666,1.565000,1.513333,1.520000,1.302246,18153600
2018-02-09,1.511666,1.550000,1.493333,1.550000,1.327949,18337200
2018-02-12,1.535000,1.550000,1.525000,1.533333,1.313669,9158400
2018-02-13,1.541666,1.553333,1.533333,1.541666,1.320809,10468800
2018-02-14,1.538333,1.591666,1.536666,1.578333,1.352223,14581800
2018-02-15,1.583333,1.593333,1.566666,1.588333,1.360790,7407600
2018-02-16,null,null,null,null,null,null
2018-02-19,1.568333,1.606666,1.568333,1.596666,1.367930,13879200
2018-02-20,1.601666,1.621666,1.580000,1.605000,1.375069,23608800
2018-02-21,1.593333,1.653333,1.586666,1.646666,1.410767,40838400
2018-02-22,1.643333,1.661666,1.630000,1.633333,1.399343,18381000
2018-02-23,1.648333,1.663333,1.630000,1.653333,1.416478,22483200
2018-02-26,1.661666,1.706666,1.656666,1.666666,1.427901,27063600
2018-02-27,1.683333,1.693333,1.673333,1.683333,1.442181,15516600
2018-02-28,1.683333,1.683333,1.618333,1.618333,1.386492,22403400
2018-03-01,1.623333,1.670000,1.623333,1.658333,1.420762,14926800
2018-03-02,1.650000,1.658333,1.620000,1.636666,1.402199,34543800
2018-03-05,1.640000,1.653333,1.605000,1.636666,1.402199,30834000
2018-03-06,1.641666,1.653333,1.616666,1.616666,1.385064,15673800
2018-03-07,1.600000,1.620000,1.545000,1.558333,1.335088,18526200
2018-03-08,1.576666,1.578333,1.541666,1.546666,1.325092,14817600
2018-03-09,1.553333,1.583333,1.553333,1.565000,1.340800,24239400
2018-03-12,1.583333,1.628333,1.575000,1.613333,1.382209,22610400
2018-03-13,1.616666,1.656666,1.613333,1.650000,1.413623,49146600
2018-03-14,1.650000,1.658333,1.618333,1.636666,1.402199,16004400
2018-03-15,1.633333,1.661666,1.630000,1.641666,1.406483,18461400
2018-03-16,1.650000,1.650000,1.621666,1.633333,1.399343,23895600
2018-03-19,1.633333,1.643333,1.605000,1.616666,1.385064,21856200
2018-03-20,1.608333,1.625000,1.583333,1.620000,1.387920,28602000
2018-03-21,1.625000,1.646666,1.601666,1.620000,1.387920,20435400
2018-03-22,1.620000,1.633333,1.610000,1.626666,1.393631,13138800
2018-03-23,1.615000,1.615000,1.590000,1.595000,1.366502,12931200
2018-03-26,1.595000,1.638333,1.580000,1.620000,1.387920,18804600
2018-03-27,1.620000,1.658333,1.620000,1.650000,1.413623,26940000
2018-03-28,1.646666,1.650000,1.621666,1.641666,1.406483,15438000
2018-03-29,1.641666,1.650000,1.625000,1.625000,1.392204,11501400
2018-03-30,1.633333,1.640000,1.606666,1.606666,1.376497,9577800
2018-04-02,1.613333,1.666666,1.611666,1.666666,1.427901,11173800
2018-04-03,1.663333,1.693333,1.653333,1.666666,1.427901,35479200
2018-04-04,1.673333,1.740000,1.581666,1.583333,1.356506,49029000
2018-04-05,1.620000,1.683333,1.620000,1.650000,1.413623,26871000
2018-04-06,1.663333,1.683333,1.650000,1.660000,1.422190,28280400
2018-04-09,1.660000,1.666666,1.638333,1.641666,1.406483,21912600
2018-04-10,1.641666,1.666666,1.641666,1.663333,1.425046,19579200
2018-04-11,1.683333,1.730000,1.683333,1.693333,1.450748,54352200
2018-04-12,1.713333,1.713333,1.673333,1.683333,1.442181,17177400
2018-04-13,1.696666,1.710000,1.690000,1.693333,1.450748,11829000
2018-04-16,1.690000,1.700000,1.683333,1.693333,1.450748,6833400
2018-04-17,1.696666,1.723333,1.670000,1.693333,1.450748,16080600
2018-04-18,1.693333,1.696666,1.676666,1.676666,1.436469,12972600
2018-04-19,1.673333,1.716666,1.673333,1.700000,1.456460,19249200
2018-04-20,1.700000,1.720000,1.666666,1.666666,1.427901,38221200
2018-04-23,1.683333,1.726666,1.663333,1.666666,1.427901,31075200
2018-04-24,1.680000,1.700000,1.566666,1.575000,1.349367,61981800
2018-04-25,1.580000,1.580000,1.483333,1.501666,1.286539,45198000
2018-04-26,1.505000,1.573333,1.505000,1.570000,1.345083,31959000
2018-04-27,1.596666,1.606666,1.546666,1.565000,1.340800,34867800
2018-04-30,1.566666,1.596666,1.566666,1.585000,1.357935,17784000
2018-05-02,1.585000,1.616666,1.573333,1.585000,1.357935,40754400
2018-05-03,1.571666,1.611666,1.571666,1.600000,1.370786,18101400
2018-05-04,1.603333,1.650000,1.591666,1.650000,1.413623,10801800
2018-05-07,1.633333,1.661666,1.606666,1.633333,1.399343,11700000
2018-05-08,1.625000,1.636666,1.613333,1.636666,1.402199,18184200
2018-05-14,1.666666,1.733333,1.653333,1.690000,1.447892,60681600
2018-05-15,1.706666,1.796666,1.680000,1.686666,1.445036,71592000
2018-05-16,1.700000,1.716666,1.655000,1.666666,1.427901,16785600
2018-05-17,1.666666,1.716666,1.663333,1.676666,1.436469,34376400
2018-05-18,1.683333,1.740000,1.673333,1.713333,1.467883,31875600
2018-05-21,1.696666,1.733333,1.696666,1.710000,1.465027,29766000
2018-05-22,1.706666,1.726666,1.693333,1.710000,1.465027,25708800
2018-05-23,1.710000,1.726666,1.670000,1.670000,1.430758,24863400
2018-05-24,1.676666,1.693333,1.621666,1.670000,1.430758,35161800
2018-05-25,1.660000,1.750000,1.660000,1.716666,1.470738,52658400
2018-05-28,1.696666,1.726666,1.676666,1.700000,1.456460,34498800
2018-05-30,1.700000,1.700000,1.700000,1.700000,1.456460,0
2018-05-31,1.706666,1.706666,1.706666,1.706666,1.462171,0
2018-06-01,1.710000,1.756666,1.710000,1.740000,1.490730,22230600
2018-06-04,1.753333,1.783333,1.733333,1.776666,1.522143,42453000
2018-06-05,1.783333,1.800000,1.776666,1.783333,1.527855,25068000
2018-06-06,1.780000,1.793333,1.773333,1.783333,1.527855,14036400
2018-06-07,1.796666,1.816666,1.776666,1.800000,1.542134,24299400
2018-06-08,1.813333,1.826666,1.803333,1.816666,1.556412,18176400
2018-06-11,1.816666,1.993333,1.816666,1.980000,1.696347,46788000
2018-06-12,1.976666,1.996666,1.826666,1.856666,1.590682,51860400
2018-06-13,1.863333,1.906666,1.843333,1.880000,1.610673,16584600
2018-06-14,1.880000,1.896666,1.833333,1.873333,1.604961,16878600
2018-06-18,1.913333,1.913333,1.866666,1.900000,1.627808,18874200
2018-06-19,1.910000,1.983333,1.886666,1.886666,1.616384,44842800
2018-06-20,1.933333,1.960000,1.886666,1.893333,1.622096,24342000
2018-06-21,1.893333,1.916666,1.866666,1.893333,1.622096,14056200
2018-06-22,1.870000,1.926666,1.863333,1.926666,1.650654,26499000
2018-06-25,1.930000,1.950000,1.883333,1.883333,1.613529,9885600
2018-06-26,1.886666,1.910000,1.883333,1.893333,1.622096,14911800
2018-06-27,1.906666,1.933333,1.900000,1.916666,1.642086,27282000
2018-06-28,1.916666,1.953333,1.900000,1.936666,1.659221,20011200
2018-06-29,1.943333,2.023333,1.936666,2.023333,1.733473,41657400
2018-07-02,2.020000,2.080000,2.000000,2.010000,1.732037,15039000
2018-07-03,2.033333,2.040000,2.010000,2.033333,1.752143,25900800
2018-07-04,2.030000,2.050000,2.023333,2.030000,1.749271,21887400
2018-07-05,2.036666,2.050000,2.026666,2.050000,1.766505,14284800
2018-07-06,2.053333,2.056666,2.016666,2.016666,1.737781,27957000
2018-07-09,1.600000,1.600000,1.411666,1.521666,1.311235,303780000
2018-07-10,1.500000,1.663333,1.493333,1.650000,1.421821,296452200
2018-07-11,1.643333,1.653333,1.555000,1.648333,1.420385,172718400
2018-07-12,1.618333,1.655000,1.600000,1.650000,1.421821,75865800
2018-07-13,1.648333,1.655000,1.618333,1.651666,1.423257,52868400
2018-07-16,1.651666,1.730000,1.650000,1.716666,1.479268,62658000
2018-07-17,1.730000,1.746666,1.690000,1.733333,1.493630,58554000
2018-07-18,1.740000,1.783333,1.723333,1.783333,1.536716,29038800
2018-07-19,1.783333,1.786666,1.690000,1.733333,1.493630,47731200
2018-07-20,1.733333,1.736666,1.700000,1.716666,1.479268,23563800
2018-07-23,1.733333,1.743333,1.713333,1.733333,1.493630,21480600
2018-07-24,1.740000,1.740000,1.710000,1.733333,1.493630,19515000
2018-07-25,1.723333,1.736666,1.723333,1.730000,1.490758,9394800
2018-07-26,1.723333,1.733333,1.700000,1.710000,1.473524,39007800
2018-07-27,1.710000,1.710000,1.666666,1.680000,1.447672,34504200
2018-07-30,1.680000,1.683333,1.658333,1.680000,1.447672,28075800
2018-07-31,1.646666,1.696666,1.620000,1.690000,1.456290,27072600
2018-08-01,1.696666,1.696666,1.670000,1.696666,1.462034,20349600
2018-08-02,1.696666,1.700000,1.683333,1.693333,1.459162,16180800
2018-08-03,1.676666,1.686666,1.660000,1.666666,1.436182,44968200
2018-08-06,1.673333,1.700000,1.666666,1.693333,1.459162,19377000
2018-08-07,1.693333,1.700000,1.680000,1.683333,1.450545,9925800
2018-08-08,1.700000,1.713333,1.690000,1.713333,1.476396,30976800
2018-08-09,1.706666,1.750000,1.700000,1.733333,1.493630,33244800
2018-08-10,1.736666,1.773333,1.730000,1.750000,1.507992,20037600
2018-08-13,1.733333,1.750000,1.716666,1.730000,1.490758,15138000
2018-08-14,1.730000,1.743333,1.716666,1.730000,1.490758,13329600
2018-08-15,1.730000,1.756666,1.723333,1.750000,1.507992,12397200
2018-08-16,1.740000,1.750000,1.723333,1.736666,1.496502,14351400
2018-08-17,1.733333,1.746666,1.723333,1.733333,1.493630,16720800
2018-08-20,1.720000,1.753333,1.720000,1.740000,1.499375,11034000
2018-08-21,1.736666,1.760000,1.733333,1.756666,1.513736,18175800
2018-08-23,1.746666,1.830000,1.746666,1.796666,1.548205,33019200
2018-08-24,1.790000,1.843333,1.790000,1.800000,1.551078,25885800
2018-08-27,1.800000,1.840000,1.796666,1.833333,1.579801,15538200
2018-08-28,1.833333,1.876666,1.833333,1.846666,1.591290,19793400
2018-08-29,1.850000,1.873333,1.836666,1.863333,1.605652,16379400
2018-08-30,1.863333,1.873333,1.846666,1.856666,1.599907,21198600
2018-09-03,1.880000,1.880000,1.846666,1.853333,1.597035,12712800
2018-09-04,1.850000,1.853333,1.810000,1.836666,1.582673,14095200
2018-09-05,1.820000,1.836666,1.820000,1.833333,1.579801,18074400
2018-09-06,1.820000,1.840000,1.816666,1.826666,1.574056,8033400
2018-09-07,1.830000,1.833333,1.790000,1.806666,1.556822,20005800
2018-09-12,1.833333,1.833333,1.716666,1.753333,1.510864,29531400
2018-09-13,1.740000,1.763333,1.720000,1.750000,1.507992,15492600
2018-09-14,1.743333,1.750000,1.730000,1.750000,1.507992,14239200
2018-09-18,1.750000,1.750000,1.666666,1.750000,1.507992,12728400
2018-09-19,1.750000,1.806666,1.750000,1.783333,1.536716,8793000
2018-09-20,1.800000,1.803333,1.783333,1.786666,1.539588,4129800
2018-09-21,1.800000,1.800000,1.756666,1.783333,1.536716,17750400
2018-09-24,1.800000,1.800000,1.750000,1.763333,1.519481,7402800
2018-09-25,1.760000,1.770000,1.760000,1.766666,1.522354,4906800
2018-09-26,1.770000,1.776666,1.753333,1.763333,1.519481,10977600
2018-09-27,1.760000,1.783333,1.733333,1.773333,1.528098,12286200
2018-09-28,1.776666,1.803333,1.770000,1.776666,1.530971,17223000
2018-10-01,1.800000,1.800000,1.783333,1.783333,1.536716,8918400
2018-10-02,1.786666,1.786666,1.770000,1.783333,1.536716,15081000
2018-10-03,1.773333,1.790000,1.773333,1.783333,1.536716,9620400
2018-10-04,1.773333,1.796666,1.760000,1.796666,1.548205,5401200
2018-10-05,1.776666,1.796666,1.753333,1.753333,1.510864,15127800
2018-10-08,1.750000,1.753333,1.716666,1.750000,1.507992,10746000
2018-10-09,1.733333,1.756666,1.723333,1.750000,1.507992,10630800
2018-10-10,1.730000,1.750000,1.690000,1.750000,1.507992,35298600
2018-10-11,1.700000,1.810000,1.670000,1.783333,1.536716,34059600
2018-10-12,1.786666,1.846666,1.770000,1.796666,1.548205,45961200
2018-10-15,1.810000,1.983333,1.810000,1.870000,1.611398,59314800
2018-10-16,1.890000,1.946666,1.890000,1.933333,1.665972,59409000
2018-10-17,1.953333,1.970000,1.910000,1.916666,1.651610,25357200
2018-10-18,1.930000,1.930000,1.906666,1.920000,1.654483,14471400
2018-10-19,1.916666,1.956666,1.906666,1.933333,1.665972,42702600
2018-10-22,1.933333,1.946666,1.906666,1.916666,1.651610,23842800
2018-10-23,1.923333,1.933333,1.913333,1.916666,1.651610,26136000
2018-10-24,1.933333,1.993333,1.886666,1.886666,1.625759,26595000
2018-10-25,1.886666,1.886666,1.796666,1.850000,1.594163,42576000
2018-10-26,1.866666,1.896666,1.820000,1.886666,1.625759,18905700
2018-10-29,1.890000,1.890000,1.853333,1.876666,1.617141,18688500
2018-10-30,1.866666,1.876666,1.856666,1.866666,1.608524,13636800
2018-10-31,1.876666,1.980000,1.866666,1.980000,1.706186,19789200
2018-11-01,1.960000,1.960000,1.916666,1.933333,1.665972,25973100
2018-11-02,1.933333,1.946666,1.916666,1.933333,1.665972,20529000
2018-11-05,1.960000,1.960000,1.910000,1.933333,1.665972,22544100
2018-11-07,1.926666,1.946666,1.920000,1.933333,1.665972,18447300
2018-11-08,1.936666,1.956666,1.923333,1.933333,1.665972,23612700
2018-11-09,1.930000,1.936666,1.896666,1.926666,1.660227,17454600
2018-11-12,1.923333,1.930000,1.906666,1.923333,1.657355,18824700
2018-11-13,1.916666,1.923333,1.906666,1.913333,1.648738,14993100
2018-11-14,1.910000,1.910000,1.840000,1.900000,1.637249,19137300
2018-11-15,1.886666,1.910000,1.846666,1.900000,1.637249,16406400
2018-11-16,1.900000,1.946666,1.900000,1.946666,1.677461,30989700
2018-11-19,1.933333,1.940000,1.916666,1.926666,1.660227,19420200
2018-11-21,1.916666,1.953333,1.916666,1.933333,1.665972,19953000
2018-11-22,1.936666,1.970000,1.926666,1.950000,1.680334,10960500
2018-11-23,1.953333,1.963333,1.936666,1.950000,1.680334,3788100
2018-11-26,1.950000,1.976666,1.940000,1.966666,1.694695,12771000
2018-11-27,1.970000,1.993333,1.953333,1.993333,1.717674,10573500
2018-11-28,1.993333,2.066666,1.980000,2.043333,1.760760,19815600
2018-11-29,2.050000,2.120000,2.040000,2.040000,1.757888,22123500
2018-11-30,2.060000,2.100000,1.990000,1.990000,1.714803,32057400
2018-12-03,2.016666,2.050000,2.016666,2.043333,1.760760,10498200
2018-12-04,2.050000,2.060000,1.960000,1.966666,1.694695,21881400
2018-12-05,1.970000,1.996666,1.966666,1.983333,1.709057,22413600
2018-12-06,1.980000,1.983333,1.953333,1.966666,1.694695,12016200
2018-12-07,1.983333,2.016666,1.936666,1.966666,1.694695,15061500
2018-12-10,1.903333,1.906666,1.840000,1.850000,1.594163,66781800
2018-12-11,1.896666,1.913333,1.846666,1.846666,1.591290,40971300
2018-12-12,1.866666,1.910000,1.866666,1.900000,1.637249,21387300
2018-12-13,1.910000,1.926666,1.893333,1.900000,1.637249,27067200
2018-12-14,1.910000,1.923333,1.890000,1.920000,1.654483,21984600
2018-12-17,1.916666,1.916666,1.896666,1.913333,1.648738,23751600
2018-12-18,1.910000,1.910000,1.813333,1.820000,1.568312,39346800
2018-12-19,1.823333,1.823333,1.770000,1.793333,1.545333,43159200
2018-12-20,1.780000,1.826666,1.770000,1.786666,1.539588,33132300
2018-12-21,1.783333,1.880000,1.776666,1.823333,1.571184,28380900
2018-12-24,1.826666,1.900000,1.820000,1.900000,1.637249,14603400
2018-12-26,1.866666,1.893333,1.853333,1.883333,1.622887,11794800
2018-12-27,1.903333,1.933333,1.883333,1.923333,1.657355,18858900
2018-12-28,1.933333,1.933333,1.870000,1.886666,1.625759,10451400
2018-12-31,1.900000,1.920000,1.850000,1.866666,1.608524,12522900
2019-01-02,1.873333,1.893333,1.853333,1.860000,1.602780,4561800
2019-01-03,1.866666,1.883333,1.850000,1.850000,1.594163,6920400
2019-01-04,1.856666,1.860000,1.836666,1.846666,1.591290,5903400
2019-01-07,1.853333,1.860000,1.750000,1.766666,1.522354,40581900
2019-01-08,1.766666,1.766666,1.670000,1.676666,1.444800,67871700
2019-01-09,1.690000,1.723333,1.583333,1.600000,1.392579,74323200
2019-01-10,1.603333,1.630000,1.550000,1.566666,1.363566,41447100
2019-01-11,1.573333,1.620000,1.556666,1.600000,1.392579,66290400
2019-01-14,1.610000,1.620000,1.550000,1.553333,1.351962,31269300
2019-01-15,1.566666,1.576666,1.536666,1.566666,1.363566,49505100
2019-01-16,1.576666,1.593333,1.556666,1.566666,1.363566,33240300
2019-01-17,1.570000,1.600000,1.546666,1.576666,1.372270,85787700
2019-01-18,1.586666,1.623333,1.583333,1.620000,1.409986,68227800
2019-01-22,1.626666,1.636666,1.596666,1.630000,1.418690,21841200
2019-01-23,1.623333,1.623333,1.606666,1.616666,1.407084,13575000
2019-01-24,1.616666,1.650000,1.603333,1.640000,1.427393,26613300
2019-01-25,1.650000,1.666666,1.633333,1.660000,1.444800,28277400
2019-01-28,1.660000,1.666666,1.626666,1.630000,1.418690,23663100
2019-01-29,1.630000,1.650000,1.603333,1.640000,1.427393,16649700
2019-01-30,1.650000,1.650000,1.603333,1.610000,1.401282,16703400
2019-01-31,1.610000,1.616666,1.593333,1.606666,1.398381,17870400
2019-02-04,1.606666,1.623333,1.603333,1.620000,1.409986,4719000
2019-02-07,1.620000,1.623333,1.603333,1.623333,1.412887,9078300
2019-02-08,1.616666,1.636666,1.610000,1.630000,1.418690,13656000
2019-02-11,1.630000,1.633333,1.613333,1.626666,1.415788,19455600
2019-02-12,1.633333,1.646666,1.623333,1.633333,1.421591,5643900
2019-02-13,1.633333,1.646666,1.620000,1.633333,1.421591,7476900
2019-02-14,1.633333,1.650000,1.620000,1.636666,1.424491,8801100
2019-02-15,1.636666,1.646666,1.633333,1.643333,1.430294,13650000
2019-02-18,1.643333,1.666666,1.640000,1.663333,1.447702,17591700
2019-02-19,1.666666,1.726666,1.660000,1.713333,1.491220,24643200
2019-02-20,1.716666,1.736666,1.703333,1.723333,1.499923,17078700
2019-02-21,1.723333,1.723333,1.690000,1.700000,1.479615,32057100
2019-02-22,1.700000,1.703333,1.593333,1.610000,1.401282,87198000
2019-02-25,1.616666,1.620000,1.586666,1.600000,1.392579,26016300
2019-02-26,1.600000,1.610000,1.590000,1.593333,1.386776,16887000
2019-02-27,1.600000,1.600000,1.560000,1.560000,1.357764,29360100
2019-02-28,1.560000,1.563333,1.510000,1.513333,1.317147,49617900
2019-03-01,1.520000,1.546666,1.516666,1.546666,1.346159,35366400
2019-03-04,1.533333,1.546666,1.526666,1.533333,1.334554,14182800
2019-03-05,1.533333,1.543333,1.520000,1.533333,1.334554,22902300
2019-03-06,1.543333,1.546666,1.523333,1.526666,1.328752,16708800
2019-03-07,1.533333,1.546666,1.530000,1.530000,1.331653,14508000
2019-03-08,1.533333,1.540000,1.516666,1.530000,1.331653,14418300
2019-03-11,1.533333,1.533333,1.476666,1.483333,1.291036,48260400
2019-03-12,1.483333,1.496666,1.476666,1.486666,1.293937,28998300
2019-03-13,1.490000,1.490000,1.433333,1.440000,1.253321,34995300
2019-03-14,1.440000,1.473333,1.436666,1.466666,1.276530,29914800
2019-03-15,1.473333,1.523333,1.473333,1.520000,1.322950,72926400
2019-03-18,1.523333,1.530000,1.503333,1.506666,1.311344,16468200
2019-03-19,1.510000,1.513333,1.493333,1.500000,1.305543,17136600
2019-03-20,1.500000,1.526666,1.486666,1.526666,1.328752,22548600
2019-03-21,1.526666,1.530000,1.466666,1.486666,1.293937,18600000
2019-03-22,1.496666,1.500000,1.453333,1.476666,1.285233,22227000
2019-03-25,1.476666,1.506666,1.456666,1.493333,1.299740,13964400
2019-03-26,1.493333,1.506666,1.493333,1.500000,1.305543,11229300
2019-03-27,1.506666,1.513333,1.480000,1.500000,1.305543,8975400
2019-03-28,1.500000,1.503333,1.483333,1.496666,1.302641,9403200
2019-03-29,1.500000,1.553333,1.500000,1.540000,1.340357,35727900
2019-04-01,1.553333,1.560000,1.536666,1.540000,1.340357,14368800
2019-04-02,1.546666,1.560000,1.540000,1.546666,1.346159,14944500
2019-04-03,1.546666,1.580000,1.546666,1.560000,1.357764,14321700
2019-04-04,1.573333,1.580000,1.546666,1.550000,1.349061,13594500
2019-04-05,1.550000,1.556666,1.520000,1.533333,1.334554,9476700
2019-04-08,1.533333,1.533333,1.513333,1.530000,1.331653,14287500
2019-04-09,1.520000,1.543333,1.520000,1.530000,1.331653,9623700
2019-04-10,1.526666,1.530000,1.510000,1.523333,1.325851,10329600
2019-04-11,1.523333,1.523333,1.510000,1.516666,1.320048,5159700
2019-04-12,1.516666,1.520000,1.510000,1.516666,1.320048,11413800
2019-04-15,1.526666,1.530000,1.503333,1.510000,1.314246,5275200
2019-04-16,1.510000,1.523333,1.490000,1.500000,1.305543,13844700
2019-04-17,1.506666,1.520000,1.486666,1.516666,1.320048,23856900
2019-04-18,1.516666,1.520000,1.490000,1.493333,1.299740,10168500
2019-04-19,1.493333,1.510000,1.490000,1.510000,1.314246,11889300
2019-04-22,1.506666,1.523333,1.503333,1.516666,1.320048,8786700
2019-04-23,1.513333,1.590000,1.503333,1.586666,1.380973,20528100
2019-04-24,1.596666,1.646666,1.593333,1.600000,1.392579,35483700
2019-04-25,1.603333,1.616666,1.586666,1.606666,1.398381,10484400
2019-04-26,1.606666,1.610000,1.590000,1.593333,1.386776,2386200
2019-04-29,1.593333,1.610000,1.590000,1.610000,1.401282,9068700
2019-04-30,1.600000,1.623333,1.590000,1.623333,1.412887,9535800
2019-05-02,1.623333,1.623333,1.590000,1.606666,1.398381,5554800
2019-05-03,1.593333,1.616666,1.570000,1.613333,1.404183,8939100
2019-05-06,1.600000,1.603333,1.580000,1.603333,1.395480,6186300
2019-05-07,1.600000,1.613333,1.593333,1.603333,1.395480,4943100
2019-05-08,1.586666,1.603333,1.576666,1.603333,1.395480,6065700
2019-05-09,1.603333,1.603333,1.570000,1.586666,1.380973,8891700
2019-05-10,1.583333,1.586666,1.566666,1.583333,1.378072,7879800
2019-05-13,1.570000,1.583333,1.536666,1.556666,1.354863,10997700
2019-05-14,1.533333,1.603333,1.520000,1.593333,1.386776,28849800
2019-05-15,1.600000,1.676666,1.600000,1.656666,1.441899,53049600
2019-05-16,1.656666,1.656666,1.630000,1.633333,1.421591,15268500
2019-05-17,1.636666,1.666666,1.633333,1.646666,1.433195,16794900
2019-05-21,1.666666,1.690000,1.650000,1.683333,1.465109,35200500
2019-05-23,1.670000,1.706666,1.670000,1.690000,1.470911,27896700
2019-05-24,1.683333,1.710000,1.663333,1.666666,1.450602,9161700
2019-05-27,1.666666,1.683333,1.650000,1.666666,1.450602,11799600
2019-05-28,1.666666,1.693333,1.640000,1.686666,1.468009,36228300
2019-05-29,1.686666,1.700000,1.676666,1.693333,1.473812,14520600
2019-05-30,1.676666,1.683333,1.666666,1.673333,1.456405,12416700
2019-05-31,1.670000,1.693333,1.663333,1.683333,1.465109,12633600
2019-06-03,1.683333,1.683333,1.663333,1.666666,1.450602,11128800
2019-06-04,1.666666,1.673333,1.663333,1.666666,1.450602,8990700
2019-06-05,1.666666,1.666666,1.666666,1.666666,1.450602,0
2019-06-06,1.666666,1.666666,1.666666,1.666666,1.450602,0
2019-06-07,1.683333,1.696666,1.673333,1.686666,1.468009,8895900
2019-06-10,1.693333,1.710000,1.683333,1.690000,1.470911,9758100
2019-06-11,1.683333,1.706666,1.683333,1.690000,1.470911,9456900
2019-06-12,1.693333,1.693333,1.676666,1.683333,1.465109,15481500
2019-06-13,1.683333,1.690000,1.673333,1.680000,1.462208,6457500
2019-06-14,1.676666,1.690000,1.660000,1.670000,1.453504,19555800
2019-06-17,1.676666,1.686666,1.666666,1.666666,1.450602,13695900
2019-06-18,1.666666,1.666666,1.556666,1.623333,1.412887,46431300
2019-06-19,1.623333,1.646666,1.616666,1.633333,1.421591,7391100
2019-06-20,1.633333,1.650000,1.630000,1.636666,1.424491,9765000
2019-06-21,1.650000,1.673333,1.650000,1.666666,1.450602,41048100
2019-06-24,1.666666,1.673333,1.653333,1.660000,1.444800,9894900
2019-06-25,1.656666,1.656666,1.636666,1.653333,1.438998,5937600
2019-06-26,1.656666,1.660000,1.653333,1.656666,1.441899,4884600
2019-06-27,1.656666,1.663333,1.636666,1.643333,1.430294,9690900
2019-06-28,1.643333,1.650000,1.626666,1.636666,1.424491,18142200
2019-07-01,1.650000,1.666666,1.643333,1.656666,1.441899,7050000
2019-07-02,1.650000,1.650000,1.603333,1.603333,1.405377,20259300
2019-07-03,1.616666,1.636666,1.613333,1.633333,1.431673,18745200
2019-07-04,1.633333,1.633333,1.610000,1.620000,1.419986,11332500
2019-07-05,1.620000,1.623333,1.603333,1.613333,1.414142,14906700
2019-07-08,1.613333,1.616666,1.600000,1.600000,1.402456,15790500
2019-07-09,1.610000,1.616666,1.590000,1.600000,1.402456,16929900
2019-07-10,1.603333,1.603333,1.586666,1.596666,1.399533,5393700
2019-07-11,1.596666,1.596666,1.576666,1.583333,1.387846,13662300
2019-07-12,1.586666,1.613333,1.576666,1.576666,1.382002,23702400
2019-07-15,1.576666,1.576666,1.553333,1.560000,1.367394,21639000
2019-07-16,1.560000,1.560000,1.536666,1.546666,1.355706,12419700
2019-07-17,1.546666,1.546666,1.533333,1.533333,1.344020,10892700
2019-07-18,1.536666,1.563333,1.530000,1.550000,1.358629,22185900
2019-07-19,1.563333,1.566666,1.540000,1.553333,1.361550,16910700
2019-07-22,1.553333,1.560000,1.536666,1.546666,1.355706,10339500
2019-07-23,1.540000,1.546666,1.536666,1.546666,1.355706,6528600
2019-07-24,1.546666,1.546666,1.540000,1.546666,1.355706,6283200
2019-07-25,1.546666,1.560000,1.536666,1.543333,1.352785,21817200
2019-07-26,1.543333,1.546666,1.536666,1.540000,1.349863,6794100
2019-07-29,1.540000,1.543333,1.536666,1.543333,1.352785,7115400
2019-07-31,1.540000,1.543333,1.500000,1.513333,1.326489,16677300
2019-08-01,1.513333,1.530000,1.503333,1.520000,1.332333,8803200
2019-08-02,1.523333,1.523333,1.510000,1.516666,1.329410,12629100
2019-08-05,1.516666,1.516666,1.500000,1.506666,1.320645,15814800
2019-08-06,1.500000,1.566666,1.486666,1.530000,1.341098,27676200
2019-08-07,1.533333,1.543333,1.520000,1.526666,1.338176,11829000
2019-08-08,1.526666,1.526666,1.516666,1.516666,1.329410,7417500
2019-08-09,1.523333,1.523333,1.503333,1.506666,1.320645,5154300
2019-08-13,1.506666,1.510000,1.496666,1.496666,1.311880,6582600
2019-08-14,1.503333,1.510000,1.496666,1.500000,1.314802,9572400
2019-08-15,1.493333,1.496666,1.483333,1.496666,1.311880,5378100
2019-08-16,1.486666,1.496666,1.486666,1.490000,1.306037,3957000
2019-08-19,1.493333,1.516666,1.493333,1.506666,1.320645,4421400
2019-08-20,1.506666,1.526666,1.493333,1.500000,1.314802,5585100
2019-08-21,1.500000,1.513333,1.493333,1.500000,1.314802,4892400
2019-08-22,1.500000,1.536666,1.500000,1.526666,1.338176,7006800
2019-08-23,1.526666,1.583333,1.523333,1.583333,1.387846,11980200
2019-08-26,1.566666,1.566666,1.540000,1.553333,1.361550,12322800
2019-08-27,1.553333,1.560000,1.533333,1.560000,1.367394,19845600
2019-08-28,1.550000,1.553333,1.540000,1.553333,1.361550,8998500
2019-08-29,1.550000,1.560000,1.536666,1.556666,1.364472,6347400
2019-08-30,1.556666,1.583333,1.556666,1.583333,1.387846,13707000
2019-09-03,1.583333,1.593333,1.566666,1.570000,1.376160,7016400
2019-09-04,1.566666,1.573333,1.560000,1.563333,1.370316,7596900
2019-09-05,1.570000,1.573333,1.556666,1.570000,1.376160,11451600
2019-09-06,1.570000,1.576666,1.563333,1.570000,1.376160,5400900
2019-09-10,1.570000,1.583333,1.566666,1.573333,1.379081,10382400
2019-09-11,1.583333,1.590000,1.573333,1.583333,1.387846,19633200
2019-09-12,1.586666,1.600000,1.580000,1.596666,1.399533,11323500
2019-09-13,1.593333,1.596666,1.583333,1.596666,1.399533,10076400
2019-09-17,1.590000,1.596666,1.580000,1.596666,1.399533,7074000
2019-09-18,1.593333,1.596666,1.573333,1.593333,1.396612,9959700
2019-09-19,1.596666,1.596666,1.570000,1.580000,1.384925,7470000
2019-09-20,1.583333,1.583333,1.566666,1.583333,1.387846,18501900
2019-09-23,1.576666,1.583333,1.573333,1.583333,1.387846,22822800
2019-09-24,1.566666,1.583333,1.566666,1.576666,1.382002,5714400
2019-09-25,1.576666,1.580000,1.570000,1.576666,1.382002,14217600
2019-09-26,1.573333,1.583333,1.536666,1.573333,1.379081,14680200
2019-09-27,1.573333,1.580000,1.523333,1.523333,1.335254,12040500
2019-09-30,1.526666,1.536666,1.483333,1.483333,1.300193,16734000
2019-10-01,1.486666,1.510000,1.473333,1.496666,1.311880,10313400
2019-10-02,1.490000,1.506666,1.486666,1.496666,1.311880,13421400
2019-10-03,1.496666,1.500000,1.493333,1.493333,1.308958,4826100
2019-10-04,1.500000,1.506666,1.483333,1.493333,1.308958,10398000
2019-10-07,1.493333,1.520000,1.486666,1.496666,1.311880,13896600
2019-10-08,1.513333,1.513333,1.476666,1.490000,1.306037,11710200
2019-10-09,1.493333,1.493333,1.443333,1.456666,1.276818,22365300
2019-10-10,1.456666,1.460000,1.430000,1.436666,1.259288,15338100
2019-10-11,1.436666,1.436666,1.423333,1.430000,1.253445,10191900
2019-10-14,1.436666,1.456666,1.420000,1.423333,1.247601,11105100
2019-10-15,1.423333,1.433333,1.403333,1.416666,1.241757,17195700
2019-10-16,1.416666,1.433333,1.416666,1.430000,1.253445,8496900
2019-10-17,1.433333,1.450000,1.433333,1.446666,1.268053,8892000
2019-10-18,1.446666,1.450000,1.436666,1.443333,1.265131,3034800
2019-10-21,1.446666,1.453333,1.440000,1.453333,1.273897,5949600
2019-10-22,1.453333,1.456666,1.443333,1.450000,1.270975,5494500
2019-10-23,1.450000,1.463333,1.443333,1.463333,1.282662,3534600
2019-10-24,1.463333,1.466666,1.446666,1.460000,1.279741,2591700
2019-10-25,1.463333,1.463333,1.450000,1.453333,1.273897,922800
2019-10-29,1.466666,1.466666,1.443333,1.456666,1.276818,6871200
2019-10-30,1.466666,1.470000,1.460000,1.466666,1.285584,9210000
2019-10-31,1.466666,1.476666,1.450000,1.450000,1.270975,4019700
2019-11-01,1.456666,1.466666,1.446666,1.466666,1.285584,6706800
2019-11-04,1.470000,1.516666,1.470000,1.506666,1.320645,14763600
2019-11-05,1.510000,1.510000,1.496666,1.500000,1.314802,8432100
2019-11-06,1.500000,1.500000,1.450000,1.456666,1.276818,10763100
2019-11-07,1.456666,1.470000,1.446666,1.470000,1.288506,9816000
2019-11-08,1.470000,1.480000,1.443333,1.450000,1.270975,9030000
2019-11-11,1.453333,1.480000,1.453333,1.470000,1.288506,7040700
2019-11-12,1.470000,1.470000,1.453333,1.466666,1.285584,5215500
2019-11-13,1.466666,1.483333,1.453333,1.483333,1.300193,4544100
2019-11-14,1.483333,1.500000,1.473333,1.500000,1.314802,7210500
2019-11-15,1.503333,1.516666,1.503333,1.503333,1.317723,6042900
2019-11-18,1.503333,1.516666,1.500000,1.516666,1.329410,3246000
2019-11-19,1.516666,1.536666,1.506666,1.530000,1.341098,13695600
2019-11-20,1.533333,1.540000,1.520000,1.533333,1.344020,7011000
2019-11-21,1.533333,1.533333,1.510000,1.533333,1.344020,5058000
2019-11-22,1.516666,1.540000,1.516666,1.533333,1.344020,6965100
2019-11-25,1.533333,1.533333,1.526666,1.530000,1.341098,4433100
2019-11-26,1.530000,1.533333,1.513333,1.530000,1.341098,25473900
2019-11-27,1.530000,1.540000,1.523333,1.536666,1.346941,5581500
2019-11-28,1.536666,1.536666,1.503333,1.530000,1.341098,5793300
2019-11-29,1.530000,1.530000,1.476666,1.500000,1.314802,9833700
2019-12-02,1.513333,1.513333,1.496666,1.496666,1.311880,2454000
2019-12-03,1.510000,1.510000,1.460000,1.473333,1.291428,10071300
2019-12-04,1.470000,1.470000,1.456666,1.456666,1.276818,5725200
2019-12-05,1.460000,1.480000,1.460000,1.466666,1.285584,2148300
2019-12-06,1.470000,1.493333,1.470000,1.470000,1.288506,3410700
2019-12-09,1.480000,1.483333,1.443333,1.443333,1.276711,3483600
2019-12-10,1.450000,1.480000,1.450000,1.470000,1.300300,3596700
2019-12-11,1.470000,1.500000,1.470000,1.483333,1.312094,2536800
2019-12-12,1.493333,1.500000,1.480000,1.480000,1.309145,2958000
2019-12-13,1.496666,1.496666,1.450000,1.463333,1.294402,4355400
2019-12-16,1.470000,1.486666,1.453333,1.483333,1.312094,6754800
2019-12-17,1.483333,1.553333,1.470000,1.553333,1.374013,17112900
2019-12-18,1.566666,1.610000,1.566666,1.596666,1.412343,29545200
2019-12-19,1.600000,1.603333,1.583333,1.603333,1.418241,18621000
2019-12-20,1.603333,1.603333,1.583333,1.603333,1.418241,17273100
2019-12-23,1.603333,1.603333,1.573333,1.590000,1.406447,4399800
2019-12-24,1.586666,1.600000,1.573333,1.596666,1.412343,3387300
2019-12-26,1.596666,1.596666,1.580000,1.583333,1.400549,1931100
2019-12-27,1.586666,1.593333,1.573333,1.586666,1.403498,11338500
2019-12-30,1.590000,1.590000,1.576666,1.583333,1.400549,3153600
2019-12-31,1.576666,1.576666,1.563333,1.566666,1.385806,10903200
2020-01-02,1.566666,1.576666,1.536666,1.550000,1.371064,4583100
2020-01-03,1.553333,1.573333,1.533333,1.556666,1.376961,6677400
2020-01-06,1.556666,1.556666,1.533333,1.553333,1.374013,2670600
2020-01-07,1.550000,1.566666,1.540000,1.550000,1.371064,10408200
2020-01-08,1.546666,1.560000,1.536666,1.536666,1.359270,10377900
2020-01-09,1.553333,1.560000,1.523333,1.526666,1.350424,9225300
2020-01-10,1.530000,1.540000,1.516666,1.540000,1.362219,4850700
2020-01-13,1.540000,1.556666,1.530000,1.546666,1.368115,4754700
2020-01-14,1.556666,1.560000,1.543333,1.553333,1.374013,3324300
2020-01-15,1.553333,1.600000,1.543333,1.600000,1.415292,6502200
2020-01-16,1.583333,1.583333,1.560000,1.570000,1.388756,10965900
2020-01-17,1.566666,1.586666,1.566666,1.586666,1.403498,31247100
2020-01-20,1.586666,1.610000,1.586666,1.606666,1.421189,15060900
2020-01-21,1.613333,1.720000,1.613333,1.703333,1.506696,99848700
2020-01-22,1.740000,1.820000,1.740000,1.810000,1.601049,138601200
2020-01-23,1.820000,1.840000,1.766666,1.786666,1.580409,73922700
2020-01-24,1.793333,1.870000,1.793333,1.846666,1.633483,50917800
2020-01-28,1.960000,2.033333,1.936666,2.000000,1.769115,97613100
2020-01-29,2.000000,2.006666,1.866666,1.946666,1.721938,116295300
2020-01-30,1.966666,1.973333,1.910000,1.963333,1.736681,82791000
2020-01-31,1.963333,1.990000,1.950000,1.950000,1.724887,57864000
2020-02-03,1.946666,1.976666,1.903333,1.926666,1.704247,46560000
2020-02-04,1.926666,1.943333,1.890000,1.900000,1.680660,53586000
2020-02-05,1.900000,1.906666,1.860000,1.883333,1.665917,78533700
2020-02-06,1.883333,1.890000,1.860000,1.873333,1.657071,57644700
2020-02-07,1.883333,1.916666,1.873333,1.886666,1.668865,28935000
2020-02-10,1.910000,1.923333,1.900000,1.913333,1.692453,36194700
2020-02-11,1.916666,1.926666,1.906666,1.906666,1.686556,31601400
2020-02-12,1.923333,1.963333,1.916666,1.950000,1.724887,71920500
2020-02-13,1.950000,1.963333,1.936666,1.953333,1.727836,14116800
2020-02-14,1.950000,1.960000,1.946666,1.950000,1.724887,24370200
2020-02-17,1.953333,1.963333,1.883333,1.893333,1.674762,29249700
2020-02-18,1.893333,1.900000,1.876666,1.883333,1.665917,15395700
2020-02-19,1.880000,1.880000,1.790000,1.810000,1.601049,44847600
2020-02-20,1.800000,1.806666,1.753333,1.766666,1.562718,49183800
2020-02-21,1.753333,1.816666,1.753333,1.763333,1.559770,39635400
2020-02-24,1.750000,1.836666,1.706666,1.813333,1.603998,73107000
2020-02-25,1.806666,1.890000,1.800000,1.873333,1.657071,73487100
2020-02-26,1.866666,1.906666,1.866666,1.893333,1.674762,42065100
2020-02-27,1.900000,1.926666,1.893333,1.896666,1.677711,19618500
2020-02-28,1.893333,1.913333,1.873333,1.880000,1.662968,38265000
2020-03-02,1.876666,1.900000,1.830000,1.866666,1.651174,24035100
2020-03-03,1.916666,1.950000,1.873333,1.900000,1.680660,19507500
2020-03-04,1.926666,1.926666,1.870000,1.900000,1.680660,82797600
2020-03-05,1.900000,1.923333,1.896666,1.910000,1.689505,28812600
2020-03-06,1.910000,2.026666,1.910000,2.000000,1.769115,109154400
2020-03-09,2.013333,2.046666,1.966666,2.036666,1.801548,54508200
2020-03-10,2.016666,2.066666,2.013333,2.033333,1.798600,53238600
2020-03-11,2.046666,2.103333,2.033333,2.093333,1.851674,52324800
2020-03-12,2.133333,2.230000,2.130000,2.170000,1.919490,73948500
2020-03-13,2.170000,2.170000,2.170000,2.170000,1.919490,0
2020-03-16,2.100000,2.100000,1.933333,1.960000,1.733733,58557600
2020-03-17,1.900000,1.953333,1.760000,1.946666,1.721938,87903900
2020-03-18,1.963333,2.040000,1.876666,1.916666,1.695402,39390300
2020-03-19,1.913333,1.960000,1.886666,1.950000,1.724887,36699300
2020-03-20,2.000000,2.090000,1.916666,2.090000,1.848726,66594900
2020-03-23,2.050000,2.080000,2.000000,2.036666,1.801548,40368300
2020-03-24,2.040000,2.076666,2.036666,2.036666,1.801548,32395200
2020-03-25,2.066666,2.090000,2.013333,2.066666,1.828085,29889600
2020-03-26,2.066666,2.070000,2.050000,2.066666,1.828085,26054400
2020-03-27,2.106666,2.163333,2.080000,2.106666,1.863468,30131400
2020-03-30,2.130000,2.153333,2.106666,2.126666,1.881159,23894100
2020-03-31,2.150000,2.166666,2.106666,2.150000,1.901799,32701500
2020-04-01,2.153333,2.156666,2.106666,2.126666,1.881159,15298800
2020-04-02,2.153333,2.156666,2.123333,2.133333,1.887056,24385500
2020-04-03,2.133333,2.140000,2.123333,2.133333,1.887056,33110100
2020-04-06,2.140000,2.166666,2.130000,2.136666,1.890004,23085900
2020-04-07,2.163333,2.173333,2.136666,2.156666,1.907696,33495600
2020-04-08,2.153333,2.153333,2.136666,2.140000,1.892954,20676900
2020-04-09,2.160000,2.166666,2.146666,2.156666,1.907696,28559700
2020-04-10,2.156666,2.166666,2.153333,2.166666,1.916541,6204600
2020-04-13,2.166666,2.276666,2.166666,2.223333,1.966666,20269200
2020-04-14,2.263333,2.263333,2.220000,2.233333,1.975512,10284900
2020-04-15,2.236666,2.263333,2.236666,2.250000,1.990255,21081600
2020-04-16,2.246666,2.263333,2.233333,2.243333,1.984357,21146400
2020-04-17,2.266666,2.293333,2.243333,2.266666,2.004997,26309700
2020-04-20,2.290000,2.293333,2.246666,2.253333,1.993203,19570200
2020-04-21,2.253333,2.253333,2.153333,2.166666,1.916541,20570700
2020-04-22,2.160000,2.283333,2.136666,2.283333,2.019739,43142700
2020-04-23,2.300000,2.333333,2.290000,2.300000,2.034483,30080400
2020-04-24,2.310000,2.400000,2.310000,2.390000,2.114093,40666800
2020-04-27,2.410000,2.443333,2.396666,2.396666,2.119989,23853300
2020-04-28,2.396666,2.416666,2.396666,2.406666,2.128835,20612400
2020-04-29,2.416666,2.426666,2.406666,2.420000,2.140630,12887100
2020-04-30,2.426666,2.440000,2.410000,2.420000,2.140630,30348300
2020-05-04,2.420000,2.420000,2.360000,2.396666,2.119989,16141200
2020-05-05,2.396666,2.416666,2.393333,2.403333,2.125887,8433000
2020-05-06,2.393333,2.406666,2.360000,2.360000,2.087557,15525300
2020-05-08,2.366666,2.463333,2.366666,2.436666,2.155372,32909400
2020-05-12,2.463333,2.760000,2.463333,2.663333,2.355872,56543700
2020-05-13,2.833333,3.116666,2.833333,3.103333,2.745077,117173700
2020-05-14,3.150000,3.506666,3.143333,3.433333,3.036981,129292200
2020-05-15,3.506666,3.566666,3.360000,3.460000,3.060570,44650500
2020-05-18,3.460000,3.593333,3.386666,3.500000,3.095952,47712300
2020-05-19,3.466666,3.520000,3.346666,3.493333,3.090055,43565700
2020-05-20,3.533333,3.600000,3.460000,3.600000,3.184407,41292600
2020-05-21,3.666666,4.053333,3.633333,3.886666,3.437980,45467400
2020-05-22,3.920000,4.040000,3.880000,3.940000,3.485157,57537600
2020-05-27,4.166666,4.440000,4.166666,4.286666,3.791803,97026600
2020-05-28,4.333333,4.520000,4.160000,4.366666,3.862568,106659300
2020-05-29,4.400000,4.546666,4.366666,4.433333,3.921538,109072500
2020-06-02,4.433333,4.433333,4.433333,4.433333,3.921538,0
2020-06-03,4.920000,4.920000,3.526666,4.900000,4.334332,125273100
2020-06-04,4.773333,5.166666,4.506666,5.146666,4.552524,128549400
2020-06-05,5.393333,5.580000,5.333333,5.460000,4.829685,91429500
2020-06-09,5.573333,5.746666,5.500000,5.666666,5.012493,77956500
2020-06-10,5.666666,5.733333,5.573333,5.693333,5.036081,51482100
2020-06-11,5.740000,6.000000,5.533333,5.566666,4.924037,152700000
2020-06-12,5.240000,5.760000,5.200000,5.633333,4.983007,61330500
2020-06-15,5.733333,5.753333,5.000000,5.066666,4.481759,115990800
2020-06-16,5.333333,5.433333,5.173333,5.320000,4.705847,62131800
2020-06-17,5.446666,5.460000,5.173333,5.233333,4.629185,46998000
2020-06-18,5.200000,5.273333,4.813333,4.900000,4.334332,125070900
2020-06-19,4.766666,5.133333,4.673333,5.133333,4.540730,110746800
2020-06-22,5.100000,5.266666,5.066666,5.200000,4.599700,48732600
2020-06-23,5.233333,5.246666,5.066666,5.213333,4.611495,48057900
2020-06-24,5.233333,5.233333,5.146666,5.200000,4.599700,26575500
2020-06-25,5.133333,5.213333,5.106666,5.166666,4.599699,49932900
2020-06-26,5.173333,5.173333,4.933333,4.966666,4.421646,42717900
2020-06-29,4.966666,5.273333,4.933333,5.233333,4.659050,73241400
2020-06-30,5.333333,5.473333,5.266666,5.366666,4.777751,60482100
2020-07-01,5.406666,5.726666,5.373333,5.713333,5.086377,68135700
2020-07-02,5.720000,5.980000,5.706666,5.833333,5.193210,65863500
2020-07-03,5.933333,6.160000,5.766666,6.153333,5.478094,52074600
2020-07-06,6.180000,6.880000,6.180000,6.653333,5.923226,120138600
2020-07-07,6.866666,6.986666,6.500000,6.820000,6.071604,70986600
2020-07-08,6.766666,6.893333,6.740000,6.846666,6.095343,42141600
2020-07-09,6.853333,7.140000,6.760000,7.060000,6.285267,69292200
2020-07-10,7.000000,7.333333,7.000000,7.306666,6.504865,61848600
2020-07-13,7.500000,8.166666,7.466666,8.000000,7.122115,97675800
2020-07-14,8.133333,8.386666,6.833333,7.720000,6.872841,116376600
2020-07-15,7.720000,7.926666,7.173333,7.266666,6.469254,62040900
2020-07-16,7.246666,7.840000,6.566666,6.566666,5.846069,85135200
2020-07-17,6.533333,7.666666,6.533333,7.660000,6.819426,169680600
2020-07-20,8.033333,8.726666,7.893333,8.273333,7.365454,129133500
2020-07-21,8.200000,8.466666,8.093333,8.313333,7.401063,103860900
2020-07-22,8.400000,8.406666,8.106666,8.233333,7.329843,46215600
2020-07-23,8.260000,8.706666,8.173333,8.706666,7.751235,74319300
2020-07-24,8.660000,8.766666,8.366666,8.480000,7.549442,76841400
2020-07-27,8.666666,8.766666,8.440000,8.626666,7.680013,57504900
2020-07-28,8.633333,8.866666,8.526666,8.800000,7.834328,81181200
2020-07-29,8.780000,8.986666,8.573333,8.713333,7.757170,61007700
2020-07-30,8.853333,8.853333,8.506666,8.626666,7.680013,43129200
2020-08-03,8.666666,8.960000,8.653333,8.960000,7.976769,46364100
2020-08-04,9.006666,9.460000,8.320000,9.453333,8.415966,98924700
2020-08-05,9.433333,9.606666,9.273333,9.313333,8.291330,56166300
2020-08-06,9.466666,9.486666,9.300000,9.466666,8.427836,23060700
2020-08-07,9.493333,9.766666,9.366666,9.380000,8.350681,39430500
2020-08-10,9.333333,9.340000,8.693333,9.066666,8.071731,46537500
2020-08-11,9.526666,9.593333,9.033333,9.100000,8.101407,38214300
2020-08-12,8.700000,8.900000,7.893333,8.166666,7.270491,90285600
2020-08-13,8.400000,8.620000,8.200000,8.333333,7.418871,54252600
2020-08-14,8.366666,8.433333,7.773333,7.940000,7.068699,79161000
2020-08-17,7.853333,8.066666,7.133333,7.473333,6.653243,81699000
2020-08-18,7.433333,8.700000,7.213333,8.693333,7.739364,102545700
2020-08-19,8.533333,9.146666,8.533333,9.046666,8.053925,78396000
2020-08-21,8.960000,9.360000,8.900000,9.333333,8.309134,54304200
2020-08-24,9.333333,9.506666,9.240000,9.300000,8.279460,51492300
2020-08-25,9.200000,9.266666,8.246666,8.466666,7.537572,97702500
2020-08-26,8.333333,8.820000,8.293333,8.780000,7.816522,68986800
2020-08-27,8.753333,8.866666,8.506666,8.800000,7.834328,50987400
2020-08-28,8.693333,8.833333,8.633333,8.760000,7.798717,51028200
2020-09-01,9.000000,9.053333,8.800000,8.833333,7.864001,46751700
2020-09-02,8.826666,8.866666,8.633333,8.693333,7.739364,31187400
2020-09-03,8.800000,9.460000,8.110000,8.370000,7.451513,106369800
2020-09-04,8.200000,8.740000,8.090000,8.380000,7.460416,37005200
2020-09-07,8.360000,8.590000,8.100000,8.280000,7.371389,29271800
2020-09-08,8.350000,8.430000,7.500000,7.640000,6.801620,93313500
2020-09-09,7.550000,7.640000,7.040000,7.150000,6.365391,122956400
2020-09-10,7.300000,7.440000,6.110000,6.450000,5.742206,160933300
2020-09-11,6.450000,8.030000,6.150000,7.760000,6.908452,221265400
2020-09-14,8.350000,8.760000,8.200000,8.580000,7.638469,143423500
2020-09-15,8.480000,8.500000,8.110000,8.430000,7.504930,84899900
2020-09-17,8.780000,8.820000,7.790000,7.790000,6.935160,197834700
2020-09-18,7.810000,8.250000,7.430000,7.980000,7.104310,90123800
2020-09-21,8.060000,8.220000,7.790000,8.000000,7.122115,56976100
2020-09-22,7.980000,8.160000,7.890000,8.030000,7.148824,58568000
2020-09-23,8.000000,8.180000,7.820000,8.020000,7.139921,53309100
2020-09-24,8.000000,8.620000,7.980000,8.550000,7.611761,98426100
2020-09-25,8.770000,8.950000,8.550000,8.800000,7.834328,76303600
2020-09-28,8.900000,8.980000,8.730000,8.770000,7.807619,53219000
2020-09-29,8.800000,8.840000,8.330000,8.470000,7.540539,48263300
2020-09-30,8.470000,8.540000,8.300000,8.300000,7.389195,25809600
2020-10-01,8.290000,8.470000,8.200000,8.430000,7.504930,23086300
2020-10-02,8.430000,8.780000,8.330000,8.760000,7.798717,63030200
2020-10-05,8.770000,9.050000,8.720000,8.920000,7.941158,78597100
2020-10-06,8.960000,9.000000,8.520000,8.640000,7.691885,48352300
2020-10-07,8.600000,8.880000,8.520000,8.800000,7.834328,41387100
2020-10-08,8.830000,8.880000,8.670000,8.800000,7.834328,21823600
2020-10-09,8.760000,8.840000,8.740000,8.810000,7.843231,24899300
2020-10-12,8.810000,8.980000,8.760000,8.970000,7.985672,39587900
2020-10-13,8.970000,9.100000,8.950000,9.090000,8.092504,44311500
2020-10-14,9.110000,9.530000,9.080000,9.480000,8.439705,82996900
2020-10-15,9.500000,9.600000,9.230000,9.340000,8.315068,49686400
2020-10-16,9.400000,9.460000,9.310000,9.340000,8.315068,36681800
2020-10-19,9.380000,9.720000,9.350000,9.600000,8.625031,51401600
2020-10-20,9.590000,9.650000,9.440000,9.480000,8.517219,33443100
2020-10-21,9.480000,9.490000,8.590000,8.880000,7.978154,80759600
2020-10-22,8.800000,9.080000,8.690000,8.900000,7.996123,41736800
2020-10-23,8.930000,8.960000,8.630000,8.700000,7.816434,33568500
2020-10-26,8.750000,8.860000,8.410000,8.700000,7.816434,42630600
2020-10-27,8.700000,8.990000,8.650000,8.910000,8.005107,32511400
2020-10-28,9.000000,9.000000,8.720000,8.780000,7.888310,20095300
2020-10-30,8.800000,8.830000,8.530000,8.570000,7.699637,26125600
2020-11-02,8.540000,8.560000,8.100000,8.390000,7.537919,34890900
2020-11-03,8.410000,8.520000,8.280000,8.320000,7.475028,21802100
2020-11-04,8.280000,8.360000,8.010000,8.100000,7.277371,43856900
2020-11-05,7.960000,8.310000,7.900000,8.300000,7.457058,50888500
2020-11-06,8.350000,8.520000,8.250000,8.500000,7.636746,39002500
2020-11-09,8.510000,8.690000,8.420000,8.480000,7.618778,29125800
2020-11-10,7.640000,8.050000,7.520000,7.800000,7.007839,139718600
2020-11-11,7.790000,7.960000,7.620000,7.860000,7.061745,61122900
2020-11-12,7.800000,7.840000,7.630000,7.700000,6.917994,50641600
2020-11-13,7.810000,7.830000,7.680000,7.780000,6.989869,38336400
2020-11-16,7.730000,7.740000,7.200000,7.200000,6.468773,79755100
2020-11-17,6.600000,7.150000,6.150000,7.000000,6.364218,180214000
2020-11-18,7.090000,7.120000,6.830000,7.010000,6.373311,58659600
2020-11-19,6.900000,6.970000,6.840000,6.940000,6.309668,46084900
2020-11-20,7.000000,7.350000,6.940000,7.290000,6.627879,70059200
2020-11-23,7.290000,7.440000,7.260000,7.350000,6.682430,48284900
2020-11-24,6.890000,6.970000,6.800000,6.800000,6.182384,89734400
2020-11-25,6.820000,6.880000,6.600000,6.650000,6.046008,76045000
2020-11-26,6.700000,7.150000,6.680000,7.050000,6.409678,63078200
2020-11-27,7.100000,7.160000,6.910000,6.990000,6.355127,34488400
2020-11-30,7.020000,7.230000,6.950000,7.120000,6.473320,61845600
2020-12-01,7.120000,7.150000,6.680000,6.790000,6.173293,91617000
2020-12-02,6.730000,6.860000,6.570000,6.680000,6.073283,69769000
2020-12-03,6.750000,6.840000,6.690000,6.780000,6.164200,26175200
2020-12-04,6.800000,6.830000,6.610000,6.650000,6.046008,41554400
2020-12-07,6.680000,6.710000,6.600000,6.600000,6.000549,19779600
2020-12-08,6.660000,7.110000,6.650000,7.090000,6.446044,85249500
2020-12-09,7.100000,7.200000,6.800000,6.840000,6.218750,93822300
2020-12-10,6.940000,7.050000,6.910000,6.990000,6.355127,44569000
2020-12-11,7.050000,7.050000,6.800000,6.900000,6.273301,43677300
2020-12-14,6.640000,6.660000,6.250000,6.300000,5.727797,52323800
2020-12-15,6.400000,6.490000,6.300000,6.410000,5.827806,35672200
2020-12-16,6.530000,6.800000,6.500000,6.770000,6.155108,39487300
2020-12-17,6.830000,6.840000,6.620000,6.700000,6.091466,20708400
2020-12-18,6.750000,6.750000,6.580000,6.640000,6.036916,36990700
2020-12-21,6.650000,6.750000,6.560000,6.620000,6.018733,17895100
2020-12-22,6.680000,6.780000,6.620000,6.690000,6.082375,36844000
2020-12-23,6.730000,6.760000,6.670000,6.730000,6.118742,19575400
2020-12-24,6.580000,6.590000,6.480000,6.490000,6.048840,15076000
2020-12-28,6.470000,6.490000,6.220000,6.260000,5.834475,24352800
2020-12-29,6.280000,6.280000,6.000000,6.010000,5.601468,41958000
2020-12-30,6.200000,6.230000,6.080000,6.120000,5.703990,26895000
2020-12-31,6.150000,6.160000,6.010000,6.120000,5.703990,20527100
2021-01-04,6.100000,6.110000,5.230000,5.500000,5.126135,152136700
2021-01-05,5.570000,5.760000,5.520000,5.720000,5.331181,84050800
2021-01-06,5.800000,5.840000,5.650000,5.760000,5.368462,48576500
2021-01-07,5.800000,5.900000,5.710000,5.800000,5.405743,96784900
2021-01-08,5.860000,6.500000,5.810000,6.500000,6.058159,147649000
2021-01-11,6.600000,6.770000,6.240000,6.430000,5.992918,98386800
2021-01-12,6.550000,6.730000,6.260000,6.680000,6.225924,61764400
2021-01-13,6.700000,6.770000,6.540000,6.630000,6.179323,41711300
2021-01-14,6.510000,6.600000,6.320000,6.370000,5.936996,44995000
2021-01-15,6.370000,6.540000,6.250000,6.420000,5.983598,22780200
2021-01-18,6.400000,6.470000,6.330000,6.340000,5.909036,12878100
2021-01-19,6.300000,6.370000,6.100000,6.130000,5.713311,25393600
2021-01-20,6.160000,6.280000,6.090000,6.140000,5.722631,21811700
2021-01-21,6.200000,6.250000,6.010000,6.020000,5.610788,29133600
2021-01-22,6.110000,6.370000,6.060000,6.250000,5.825153,47660400
2021-01-25,6.350000,6.580000,6.320000,6.520000,6.076800,54113700
2021-01-26,6.490000,6.510000,6.180000,6.200000,5.778552,35661200
2021-01-27,6.250000,6.280000,6.140000,6.210000,5.787872,17819400
2021-01-29,7.050000,7.080000,6.560000,6.740000,6.281846,155141000
2021-02-02,6.850000,7.070000,6.800000,7.050000,6.570774,100201800
2021-02-03,7.000000,7.010000,6.760000,6.820000,6.356409,44007800
2021-02-04,6.790000,6.800000,6.620000,6.710000,6.253885,33073400
2021-02-05,6.730000,6.740000,6.550000,6.610000,6.160683,18000200
2021-02-08,6.570000,6.580000,6.270000,6.270000,5.843794,39538800
2021-02-09,6.250000,6.370000,6.190000,6.200000,5.778552,25747200
2021-02-10,6.200000,6.250000,6.140000,6.150000,5.731951,20317300
2021-02-11,6.200000,6.240000,6.160000,6.180000,5.759912,10244800
2021-02-15,6.240000,6.250000,6.160000,6.170000,5.750591,12989500
2021-02-16,6.190000,6.200000,6.050000,6.060000,5.648069,29836500
2021-02-17,6.120000,6.220000,6.120000,6.190000,5.769232,25089400
2021-02-18,6.200000,6.210000,6.060000,6.070000,5.657389,21381900
2021-02-19,6.080000,6.140000,5.980000,6.050000,5.638749,27073700
2021-02-22,5.980000,5.990000,5.780000,5.780000,5.387102,39051900
2021-02-23,5.760000,5.910000,5.650000,5.670000,5.284579,34605200
2021-02-24,5.680000,5.740000,5.200000,5.230000,4.874489,92755700
2021-02-25,5.330000,5.400000,5.130000,5.300000,4.939730,49343700
2021-02-26,5.320000,5.400000,5.220000,5.240000,4.883808,41759600
2021-03-01,5.200000,5.230000,4.800000,4.900000,4.566920,65823600
2021-03-02,4.900000,5.040000,4.650000,4.750000,4.427117,63941500
2021-03-03,4.800000,5.170000,4.740000,5.090000,4.744005,74065500
2021-03-04,5.100000,5.110000,4.880000,4.960000,4.622842,37158200
2021-03-05,4.900000,5.250000,4.900000,5.250000,4.893129,42665900
2021-03-08,5.310000,5.360000,5.010000,5.040000,4.697404,33977900
2021-03-09,5.040000,5.280000,5.020000,5.190000,4.837207,43899400
2021-03-10,5.230000,5.450000,5.210000,5.320000,4.958371,57739000
2021-03-11,5.320000,5.390000,5.230000,5.320000,4.958371,28318400
2021-03-12,5.320000,5.350000,5.190000,5.200000,4.846527,22490900
2021-03-15,5.220000,5.250000,5.140000,5.180000,4.827887,19040800
2021-03-16,5.230000,5.290000,5.180000,5.200000,4.846527,14307600
2021-03-17,5.260000,5.380000,5.200000,5.380000,5.014293,21691300
2021-03-18,5.380000,5.410000,5.260000,5.260000,4.902449,20432600
2021-03-19,5.320000,5.410000,5.220000,5.410000,5.042253,30079800
2021-03-22,5.390000,5.520000,5.330000,5.400000,5.032933,37969000
2021-03-23,5.160000,5.160000,5.040000,5.050000,4.937124,20459800
2021-03-24,5.040000,5.120000,5.040000,5.120000,5.005558,9552400
2021-03-25,5.140000,5.160000,5.050000,5.100000,4.986006,13054900
2021-03-26,5.110000,5.200000,5.070000,5.150000,5.034888,8956800
2021-03-29,5.120000,5.120000,5.020000,5.050000,4.937124,15807000
2021-03-30,4.970000,4.980000,4.760000,4.780000,4.673159,68149100
2021-03-31,4.700000,4.710000,4.450000,4.520000,4.418970,76303800
2021-04-01,4.520000,4.710000,4.520000,4.640000,4.536287,26247600
2021-04-02,4.710000,4.850000,4.660000,4.750000,4.643829,18811800
2021-04-05,4.750000,4.780000,4.680000,4.680000,4.575393,8241000
2021-04-06,4.720000,4.820000,4.720000,4.770000,4.663382,10908300
2021-04-07,4.780000,4.910000,4.770000,4.910000,4.800252,15173400
2021-04-08,4.920000,5.450000,4.920000,5.400000,5.279300,82267300
2021-04-09,5.450000,5.510000,5.200000,5.230000,5.113100,31981200
2021-04-12,5.270000,5.370000,5.210000,5.250000,5.132653,16417300
2021-04-13,5.270000,5.290000,5.070000,5.080000,4.966453,20118100
2021-04-14,5.100000,5.160000,5.090000,5.130000,5.015336,11611100
2021-04-15,5.160000,5.490000,5.140000,5.440000,5.318407,59832200
2021-04-16,5.440000,5.600000,5.370000,5.570000,5.445500,62300000
2021-04-19,5.550000,5.630000,5.380000,5.460000,5.337959,38332200
2021-04-20,5.460000,5.460000,5.260000,5.400000,5.279300,16984800
2021-04-21,5.420000,5.520000,5.380000,5.450000,5.328182,23512200
2021-04-22,5.510000,5.700000,5.440000,5.620000,5.494382,41972700
2021-04-23,5.620000,5.760000,5.610000,5.730000,5.601924,37681300
2021-04-26,5.760000,5.980000,5.760000,5.900000,5.768124,68309000
2021-04-27,5.930000,6.060000,5.720000,5.780000,5.650806,47267700
2021-04-28,5.770000,5.770000,5.590000,5.670000,5.543265,29000600
2021-04-30,5.750000,5.760000,5.530000,5.650000,5.523712,33495300
2021-05-03,5.710000,5.710000,5.460000,5.480000,5.357512,21778200
2021-05-04,5.460000,5.550000,5.330000,5.450000,5.328182,16792200
2021-05-05,5.450000,5.470000,5.310000,5.320000,5.201088,15022900
2021-05-06,5.200000,5.220000,5.050000,5.060000,4.946900,28184700
2021-05-07,5.060000,5.300000,5.010000,5.260000,5.142429,14864800
2021-05-10,5.260000,5.340000,5.150000,5.160000,5.044665,13287300
2021-05-11,5.170000,5.240000,5.100000,5.180000,5.064217,9150400
2021-05-12,5.200000,5.360000,5.180000,5.350000,5.230418,12222500
2021-05-17,5.270000,5.380000,5.200000,5.290000,5.171759,18611000
2021-05-18,5.310000,5.370000,5.280000,5.340000,5.220641,11815700
2021-05-19,5.380000,5.500000,5.310000,5.450000,5.328182,22048500
2021-05-20,5.440000,5.480000,5.310000,5.370000,5.249971,17552300
2021-05-21,5.340000,5.410000,5.230000,5.310000,5.191312,12033200
2021-05-24,5.300000,5.340000,5.230000,5.260000,5.142429,8666000
2021-05-25,5.260000,5.270000,5.150000,5.200000,5.083770,17405900
2021-05-27,5.210000,5.290000,5.110000,5.120000,5.005558,50654100
2021-05-28,5.130000,5.170000,5.070000,5.090000,4.976230,13000300
2021-05-31,5.090000,5.200000,5.090000,5.180000,5.064217,7125700
2021-06-01,5.190000,5.190000,5.060000,5.090000,4.976230,5621800
2021-06-02,5.090000,5.180000,5.060000,5.100000,4.986006,10028500
2021-06-03,5.130000,5.150000,4.970000,5.000000,4.888241,24849900
2021-06-04,5.000000,5.020000,4.880000,4.900000,4.790476,23380200
2021-06-08,4.890000,4.900000,4.750000,4.780000,4.673159,31119200
2021-06-09,4.780000,4.920000,4.770000,4.840000,4.731817,34537500
2021-06-10,4.890000,4.950000,4.770000,4.800000,4.692711,27517600
2021-06-11,4.800000,4.820000,4.700000,4.720000,4.614500,16441100
2021-06-14,4.980000,5.090000,4.760000,4.770000,4.663382,46319000
2021-06-15,4.770000,4.810000,4.720000,4.740000,4.634052,18114000
2021-06-16,4.750000,4.770000,4.630000,4.660000,4.555840,26195400
2021-06-17,4.660000,4.710000,4.610000,4.630000,4.526511,18095300
2021-06-18,4.630000,4.760000,4.620000,4.700000,4.594946,34226800
2021-06-21,4.710000,4.730000,4.660000,4.670000,4.565617,14228600
2021-06-22,4.680000,4.720000,4.630000,4.650000,4.546064,19800100
2021-06-23,4.470000,4.490000,4.400000,4.450000,4.400693,20394300
2021-06-24,4.450000,4.470000,4.310000,4.350000,4.301801,18719500
2021-06-25,4.360000,4.430000,4.310000,4.350000,4.301801,13666400
2021-06-28,4.350000,4.350000,4.200000,4.230000,4.183131,14661700
2021-06-29,4.220000,4.350000,4.200000,4.300000,4.252355,18146500
2021-06-30,4.300000,4.350000,4.170000,4.170000,4.123796,18600600
2021-07-01,4.170000,4.210000,4.050000,4.070000,4.024903,16449300
2021-07-02,4.060000,4.080000,3.990000,4.010000,3.965568,19364300
2021-07-05,4.010000,4.030000,3.930000,3.950000,3.906233,22001400
2021-07-06,3.950000,4.030000,3.930000,3.940000,3.896344,18852000
2021-07-07,3.890000,3.970000,3.860000,3.860000,3.817230,14348300
2021-07-08,3.850000,3.870000,3.640000,3.720000,3.678781,39371300
2021-07-09,3.720000,3.930000,3.720000,3.820000,3.777673,46397000
2021-07-12,3.830000,3.880000,3.700000,3.710000,3.668892,16395700
2021-07-13,3.720000,3.830000,3.720000,3.770000,3.728227,17085400
2021-07-14,3.760000,3.860000,3.740000,3.760000,3.718338,34302400
2021-07-15,3.790000,4.110000,3.770000,4.040000,3.995235,45000000
2021-07-16,4.090000,4.150000,3.930000,3.970000,3.926011,31286500
2021-07-19,4.000000,4.060000,3.930000,3.930000,3.886455,14972800
2021-07-21,3.990000,4.180000,3.940000,4.160000,4.113906,38975900
2021-07-22,4.160000,4.180000,4.080000,4.100000,4.054571,22534100
2021-07-23,4.120000,4.220000,4.090000,4.140000,4.094127,22097600
2021-07-26,4.180000,4.210000,4.050000,4.100000,4.054571,17235900
2021-07-27,4.050000,4.080000,3.950000,4.000000,3.955679,23275800
2021-07-28,4.010000,4.050000,3.940000,4.000000,3.955679,10001100
2021-07-29,4.000000,4.020000,3.940000,3.970000,3.926011,18011000
2021-07-30,3.930000,4.060000,3.900000,3.980000,3.935900,21783100
2021-08-02,3.970000,4.000000,3.880000,3.920000,3.876565,8986700
2021-08-03,3.870000,3.920000,3.760000,3.820000,3.777673,23558200
2021-08-04,3.800000,3.830000,3.780000,3.800000,3.757895,19593600
2021-08-05,3.800000,3.850000,3.770000,3.770000,3.728227,13528500
2021-08-06,3.780000,3.820000,3.670000,3.680000,3.639225,17063200
2021-08-09,3.690000,3.780000,3.680000,3.730000,3.688670,7472600
2021-08-11,3.730000,3.830000,3.710000,3.770000,3.728227,13889000
2021-08-12,3.790000,3.870000,3.780000,3.790000,3.748006,11277500
2021-08-13,3.810000,3.830000,3.740000,3.750000,3.708449,4370200
2021-08-16,3.760000,3.770000,3.680000,3.690000,3.649114,7159800
2021-08-17,3.700000,3.800000,3.700000,3.770000,3.728227,7574900
2021-08-18,3.800000,3.950000,3.750000,3.930000,3.886455,14732000
2021-08-19,3.900000,3.910000,3.770000,3.770000,3.728227,10427500
2021-08-20,3.800000,3.820000,3.770000,3.800000,3.757895,3361900
2021-08-23,3.800000,3.800000,3.750000,3.760000,3.718338,3415600
2021-08-24,3.770000,3.850000,3.740000,3.850000,3.807341,7651600
2021-08-25,3.850000,3.980000,3.820000,3.920000,3.876565,12468200
2021-08-26,3.910000,3.950000,3.840000,3.860000,3.817230,11729500
2021-08-27,3.860000,3.970000,3.840000,3.910000,3.866676,13152400
2021-08-30,3.900000,4.000000,3.870000,4.000000,3.955679,18801200
2021-09-01,3.980000,4.000000,3.920000,3.920000,3.876565,14464500
2021-09-02,3.930000,3.950000,3.850000,3.860000,3.817230,8332500
2021-09-03,3.860000,3.880000,3.720000,3.740000,3.698560,21000300
2021-09-06,3.770000,3.770000,3.710000,3.720000,3.678781,7869100
2021-09-07,3.720000,3.750000,3.670000,3.670000,3.629336,19030600
2021-09-08,3.670000,3.670000,3.540000,3.580000,3.540333,37305300
2021-09-09,3.580000,3.590000,3.380000,3.400000,3.362327,37846900
2021-09-10,3.700000,3.750000,3.400000,3.430000,3.391995,71185700
2021-09-13,3.450000,3.470000,3.260000,3.280000,3.243657,31603200
2021-09-14,3.280000,3.330000,3.160000,3.230000,3.194211,36810500
2021-09-15,3.230000,3.250000,3.120000,3.200000,3.164543,35229500
2021-09-17,3.230000,3.320000,2.950000,3.060000,3.026094,63558000
2021-09-20,3.050000,3.060000,2.800000,2.810000,2.778864,59152600
2021-09-21,2.760000,2.780000,2.630000,2.670000,2.640416,56461900
2021-09-22,2.670000,2.830000,2.650000,2.810000,2.778864,55952900
2021-09-23,2.810000,2.820000,2.610000,2.670000,2.640416,47937300
2021-09-24,2.680000,2.760000,2.660000,2.750000,2.719529,22174900
2021-09-27,2.720000,2.730000,2.640000,2.670000,2.640416,23460500
2021-09-28,2.680000,2.830000,2.660000,2.810000,2.778864,32812300
2021-09-29,2.800000,2.800000,2.700000,2.760000,2.729418,21818700
2021-09-30,2.750000,2.920000,2.720000,2.880000,2.848089,44304400
2021-10-01,2.820000,2.840000,2.700000,2.700000,2.685000,17157900
2021-10-04,2.730000,2.750000,2.640000,2.650000,2.635278,18007300
2021-10-05,2.650000,2.770000,2.640000,2.740000,2.724778,19609300
2021-10-06,2.750000,2.770000,2.700000,2.740000,2.724778,13241200
2021-10-07,2.730000,2.760000,2.710000,2.750000,2.734722,11368600
2021-10-08,2.740000,2.840000,2.740000,2.780000,2.764555,26362300
2021-10-11,2.780000,2.820000,2.780000,2.810000,2.794389,10930200
2021-10-12,2.790000,2.830000,2.700000,2.830000,2.814278,23527400
2021-10-13,2.830000,2.860000,2.750000,2.790000,2.774500,15897900
2021-10-14,2.790000,2.830000,2.790000,2.790000,2.774500,7959000
2021-10-15,2.790000,2.800000,2.730000,2.760000,2.744667,14280100
2021-10-18,2.770000,2.820000,2.760000,2.760000,2.744667,9484700
2021-10-20,2.790000,2.890000,2.760000,2.860000,2.844111,25082400
2021-10-21,2.850000,2.870000,2.730000,2.730000,2.714833,24103200
2021-10-22,2.740000,2.770000,2.720000,2.760000,2.744667,7003000
2021-10-25,2.770000,2.780000,2.730000,2.760000,2.744667,5869400
2021-10-26,2.760000,2.770000,2.710000,2.720000,2.704889,9391500
2021-10-27,2.720000,2.740000,2.660000,2.660000,2.645222,12376500
2021-10-28,2.650000,2.660000,2.580000,2.590000,2.575611,14022500
2021-10-29,2.600000,2.720000,2.590000,2.720000,2.704889,14231900
2021-11-01,2.650000,2.700000,2.630000,2.650000,2.635278,4863000
2021-11-02,2.630000,2.670000,2.580000,2.580000,2.565666,11295600
2021-11-03,2.590000,2.600000,2.470000,2.490000,2.476167,24855000
2021-11-05,2.500000,2.540000,2.460000,2.480000,2.466222,14306700
2021-11-08,2.480000,2.500000,2.380000,2.400000,2.386667,14237300
2021-11-09,2.400000,2.400000,2.320000,2.330000,2.317055,14427100
2021-11-10,2.330000,2.370000,2.300000,2.300000,2.287222,14353100
2021-11-11,2.300000,2.320000,2.280000,2.300000,2.287222,10850600
2021-11-12,2.320000,2.520000,2.320000,2.450000,2.436389,29228600
2021-11-15,2.460000,2.590000,2.430000,2.490000,2.476167,24267100
2021-11-16,2.500000,2.530000,2.410000,2.420000,2.406556,11755600
2021-11-17,2.440000,2.520000,2.410000,2.510000,2.496056,17060200
2021-11-18,2.450000,2.490000,2.370000,2.400000,2.386667,20580900
2021-11-19,2.390000,2.420000,2.300000,2.310000,2.297167,14243400
2021-11-22,2.310000,2.320000,2.230000,2.240000,2.227556,14254900
2021-11-23,2.240000,2.270000,2.160000,2.260000,2.247444,20497900
2021-11-24,2.280000,2.310000,2.260000,2.270000,2.257389,11818700
2021-11-25,2.270000,2.280000,2.220000,2.250000,2.237500,6623900
2021-11-26,2.250000,2.670000,2.240000,2.640000,2.625333,75259600
2021-11-29,2.820000,3.430000,2.820000,3.190000,3.172278,210740500
2021-11-30,3.120000,3.150000,2.780000,2.930000,2.913722,162382300
2021-12-01,2.950000,3.020000,2.710000,2.740000,2.724778,56745500
2021-12-02,2.850000,2.900000,2.730000,2.810000,2.794389,52207900
2021-12-06,2.770000,2.810000,2.560000,2.570000,2.555722,35064800
2021-12-07,2.400000,2.590000,2.340000,2.500000,2.486111,49293800
2021-12-08,2.500000,2.530000,2.410000,2.440000,2.426445,20697900
2021-12-09,2.460000,2.470000,2.370000,2.410000,2.396611,17128000
2021-12-10,2.410000,2.470000,2.150000,2.160000,2.148000,50745000
2021-12-13,2.140000,2.140000,2.000000,2.010000,1.998833,45513900
2021-12-14,2.050000,2.090000,2.000000,2.000000,1.988889,29409700
2021-12-15,2.040000,2.070000,1.980000,2.060000,2.048555,32542200
2021-12-16,2.060000,2.090000,2.010000,2.040000,2.028666,24324100
2021-12-17,2.040000,2.200000,2.040000,2.160000,2.148000,48013100
2021-12-20,2.190000,2.320000,2.160000,2.200000,2.187778,35896300
2021-12-21,2.190000,2.200000,2.100000,2.100000,2.088333,14317800
2021-12-22,2.090000,2.220000,2.080000,2.180000,2.167889,18031300
2021-12-23,2.180000,2.220000,2.130000,2.160000,2.148000,15123200
2021-12-24,2.160000,2.220000,2.130000,2.190000,2.190000,12155800
2021-12-27,2.250000,2.450000,2.210000,2.360000,2.360000,38963400
2021-12-28,2.370000,2.410000,2.300000,2.370000,2.370000,18604700
2021-12-29,2.380000,2.480000,2.360000,2.410000,2.410000,22588800
2021-12-30,2.420000,2.450000,2.380000,2.440000,2.440000,20901200
2021-12-31,2.440000,2.590000,2.340000,2.590000,2.590000,29980300
2022-01-03,2.470000,2.470000,2.380000,2.390000,2.390000,18157900
2022-01-04,2.390000,2.400000,2.310000,2.330000,2.330000,18607400
2022-01-05,2.340000,2.480000,2.340000,2.440000,2.440000,32025800
2022-01-06,2.440000,2.530000,2.400000,2.440000,2.440000,26618500
2022-01-07,2.450000,2.470000,2.430000,2.470000,2.470000,14361900
2022-01-10,2.470000,2.530000,2.460000,2.500000,2.500000,23707100
2022-01-11,2.490000,2.500000,2.410000,2.430000,2.430000,17103100
2022-01-12,2.430000,2.450000,2.390000,2.410000,2.410000,12664600
2022-01-13,2.400000,2.420000,2.320000,2.380000,2.380000,16538900
2022-01-14,2.370000,2.370000,2.290000,2.340000,2.340000,14154800
2022-01-17,2.330000,2.360000,2.300000,2.350000,2.350000,6790600
2022-01-19,2.320000,2.330000,2.230000,2.240000,2.240000,15949800
2022-01-20,2.220000,2.260000,2.200000,2.210000,2.210000,10632900
2022-01-21,2.200000,2.220000,2.120000,2.170000,2.170000,11816200
2022-01-24,2.170000,2.170000,2.080000,2.080000,2.080000,14573100
2022-01-25,2.080000,2.100000,2.020000,2.040000,2.040000,13227200
2022-01-26,2.040000,2.140000,2.040000,2.080000,2.080000,15450000
2022-01-27,2.090000,2.090000,2.020000,2.080000,2.080000,10477100
2022-01-28,2.080000,2.140000,2.070000,2.120000,2.120000,10092700
2022-01-31,2.120000,2.180000,2.090000,2.130000,2.130000,14075100
2022-02-03,2.120000,2.170000,2.070000,2.130000,2.130000,12233000
2022-02-04,2.130000,2.180000,2.080000,2.170000,2.170000,12497800
2022-02-07,2.270000,2.470000,2.200000,2.350000,2.350000,76684100
2022-02-08,2.360000,2.370000,2.270000,2.290000,2.290000,17676700
2022-02-09,2.270000,2.280000,2.140000,2.180000,2.180000,30330900
2022-02-10,2.170000,2.220000,2.130000,2.190000,2.190000,15112500
2022-02-11,2.180000,2.210000,2.150000,2.160000,2.160000,9133200
2022-02-14,2.150000,2.160000,2.110000,2.120000,2.120000,11825100
2022-02-15,2.130000,2.150000,2.080000,2.090000,2.090000,13366300
2022-02-16,2.120000,2.130000,2.090000,2.100000,2.100000,12185600
2022-02-17,2.120000,2.120000,2.050000,2.060000,2.060000,16587300
2022-02-18,2.060000,2.100000,2.050000,2.060000,2.060000,13922300
2022-02-21,2.070000,2.080000,2.040000,2.060000,2.060000,10773100
2022-02-22,2.070000,2.080000,2.020000,2.020000,2.020000,12965800
2022-02-23,2.020000,2.080000,2.020000,2.050000,2.050000,13461100
2022-02-24,2.050000,2.070000,1.950000,1.970000,1.970000,25477400
2022-02-25,1.990000,2.040000,1.990000,2.000000,2.000000,10964300
2022-02-28,2.010000,2.050000,2.000000,2.050000,2.050000,22433000
2022-03-01,2.020000,2.150000,2.020000,2.060000,2.060000,16611300
2022-03-02,2.070000,2.090000,2.030000,2.040000,2.040000,8508900
2022-03-03,2.040000,2.050000,1.990000,2.020000,2.020000,10595600
2022-03-04,2.010000,2.030000,1.920000,1.930000,1.930000,22443200
2022-03-07,1.930000,1.940000,1.800000,1.900000,1.900000,29755700
2022-03-08,1.890000,1.900000,1.770000,1.870000,1.870000,22628300
2022-03-09,1.860000,1.860000,1.650000,1.680000,1.680000,60820200
2022-03-10,1.690000,1.730000,1.660000,1.710000,1.710000,46345300
2022-03-11,1.700000,1.720000,1.660000,1.670000,1.670000,31872700
2022-03-14,1.680000,1.800000,1.680000,1.770000,1.770000,52480100
2022-03-15,1.770000,1.830000,1.740000,1.800000,1.800000,43383000
2022-03-16,1.780000,1.780000,1.720000,1.750000,1.750000,25306200
2022-03-17,1.760000,1.910000,1.750000,1.870000,1.870000,49307300
2022-03-18,1.880000,1.900000,1.800000,1.810000,1.810000,75901100
2022-03-21,1.820000,1.860000,1.760000,1.860000,1.860000,18014800
2022-03-22,1.850000,1.870000,1.800000,1.860000,1.860000,9674900
2022-03-23,1.840000,1.930000,1.830000,1.900000,1.900000,20692300
2022-03-24,1.900000,1.930000,1.860000,1.870000,1.870000,13554100
2022-03-25,1.880000,1.900000,1.870000,1.890000,1.890000,10255200
2022-03-28,1.880000,1.890000,1.830000,1.890000,1.890000,18729300
2022-03-29,1.890000,1.890000,1.840000,1.850000,1.850000,10831100
2022-03-30,1.870000,1.940000,1.840000,1.920000,1.920000,25048100
2022-03-31,1.910000,1.980000,1.890000,1.920000,1.920000,30324100
2022-04-01,1.930000,2.070000,1.910000,2.050000,2.050000,47510400
2022-04-04,2.050000,2.090000,2.020000,2.020000,2.020000,21179200
2022-04-05,2.030000,2.050000,1.990000,2.020000,2.020000,9704100
2022-04-06,2.010000,2.040000,1.980000,1.980000,1.980000,16820100
2022-04-07,1.980000,1.990000,1.930000,1.950000,1.950000,14185000
2022-04-08,1.950000,1.990000,1.950000,1.970000,1.970000,11435900
2022-04-11,1.970000,1.980000,1.880000,1.910000,1.910000,15465500
2022-04-12,1.900000,1.910000,1.810000,1.810000,1.810000,31557000
2022-04-13,1.820000,1.850000,1.760000,1.760000,1.760000,23523800
2022-04-14,1.780000,1.820000,1.770000,1.780000,1.780000,15989800
2022-04-15,1.790000,1.810000,1.780000,1.790000,1.790000,9931200
2022-04-18,1.790000,1.790000,1.740000,1.740000,1.740000,14456200
2022-04-20,1.750000,1.790000,1.720000,1.720000,1.720000,17669000
2022-04-21,1.730000,1.740000,1.700000,1.720000,1.720000,20353300
2022-04-22,1.720000,1.760000,1.720000,1.730000,1.730000,12022400
2022-04-25,1.730000,1.740000,1.700000,1.710000,1.710000,7966000
2022-04-26,1.730000,1.760000,1.710000,1.730000,1.730000,12331000
2022-04-27,1.730000,1.730000,1.690000,1.690000,1.690000,8326200
2022-04-28,1.700000,1.710000,1.670000,1.680000,1.680000,11341800
2022-04-29,1.680000,1.700000,1.660000,1.680000,1.680000,10570200
2022-05-05,1.680000,1.750000,1.670000,1.670000,1.670000,17813800
2022-05-06,1.670000,1.680000,1.620000,1.620000,1.620000,18079100
2022-05-09,1.630000,1.630000,1.570000,1.580000,1.580000,13709500
2022-05-10,1.580000,1.600000,1.550000,1.550000,1.550000,9955100
2022-05-11,1.550000,1.580000,1.530000,1.530000,1.530000,12195100
2022-05-12,1.530000,1.540000,1.480000,1.490000,1.490000,28011100
2022-05-13,1.500000,1.580000,1.500000,1.560000,1.560000,36553000
2022-05-17,1.580000,1.590000,1.520000,1.540000,1.540000,36931400
2022-05-18,1.550000,1.570000,1.520000,1.530000,1.530000,22249300
2022-05-19,1.520000,1.530000,1.450000,1.450000,1.450000,31075100
2022-05-20,1.470000,1.470000,1.430000,1.450000,1.450000,24564300
2022-05-23,1.480000,1.530000,1.480000,1.490000,1.490000,25707200
2022-05-24,1.510000,1.510000,1.400000,1.400000,1.400000,32848300
2022-05-25,1.400000,1.430000,1.400000,1.410000,1.410000,17186800
2022-05-26,1.410000,1.410000,1.350000,1.370000,1.370000,34343400
2022-05-27,1.370000,1.410000,1.360000,1.400000,1.400000,28913600
2022-05-30,1.400000,1.400000,1.370000,1.390000,1.390000,18869900
2022-05-31,1.400000,1.400000,1.360000,1.400000,1.400000,52623500
2022-06-01,1.400000,1.410000,1.360000,1.370000,1.370000,23128600
2022-06-02,1.360000,1.370000,1.250000,1.260000,1.260000,72442100
2022-06-03,1.270000,1.280000,1.220000,1.240000,1.240000,41264800
2022-06-07,1.250000,1.280000,1.240000,1.250000,1.250000,44882600
2022-06-08,1.250000,1.260000,1.170000,1.180000,1.180000,50714200
2022-06-09,1.180000,1.230000,1.170000,1.220000,1.220000,51312400
2022-06-10,1.200000,1.220000,1.120000,1.130000,1.130000,52010800
2022-06-13,1.110000,1.120000,1.010000,1.030000,1.030000,77796200
2022-06-14,1.020000,1.060000,1.010000,1.030000,1.030000,80884500
2022-06-15,1.030000,1.040000,1.010000,1.010000,1.010000,48661500
2022-06-16,1.030000,1.030000,0.960000,0.975000,0.975000,86795800
2022-06-17,0.960000,1.010000,0.950000,1.010000,1.010000,69933500
2022-06-20,1.010000,1.030000,0.970000,0.985000,0.985000,34076600
2022-06-21,0.985000,1.110000,0.980000,1.080000,1.080000,97896000
2022-06-22,1.110000,1.110000,1.000000,1.010000,1.010000,71257200
2022-06-23,1.020000,1.060000,1.010000,1.050000,1.050000,26260700
2022-06-24,1.050000,1.110000,1.050000,1.050000,1.050000,56408800
2022-06-27,1.070000,1.080000,1.010000,1.040000,1.040000,28019000
2022-06-28,1.040000,1.050000,1.000000,1.050000,1.050000,20447900
2022-06-29,1.040000,1.140000,1.030000,1.120000,1.120000,94670100
2022-06-30,1.120000,1.130000,1.020000,1.040000,1.040000,111457500
2022-07-01,1.030000,1.030000,1.000000,1.010000,1.010000,38528100
2022-07-04,1.010000,1.010000,0.975000,0.975000,0.975000,55418400
2022-07-05,0.980000,0.985000,0.940000,0.945000,0.945000,60637300
2022-07-06,0.950000,0.970000,0.930000,0.940000,0.940000,39703900
2022-07-07,0.950000,1.030000,0.945000,1.010000,1.010000,68505200
2022-07-08,1.020000,1.030000,0.970000,0.990000,0.990000,39249800
2022-07-12,1.000000,1.080000,0.990000,1.010000,1.010000,84449800
2022-07-13,1.020000,1.040000,0.995000,1.010000,1.010000,36167400
2022-07-14,1.010000,1.040000,1.000000,1.020000,1.020000,39661900
2022-07-15,1.020000,1.020000,0.985000,0.995000,0.995000,32011700
2022-07-18,1.000000,1.060000,1.000000,1.040000,1.040000,72069600
2022-07-19,1.030000,1.040000,1.010000,1.020000,1.020000,22486700
2022-07-20,1.030000,1.030000,0.985000,0.990000,0.990000,49063300
2022-07-21,1.000000,1.010000,0.980000,1.000000,1.000000,43105500
2022-07-22,1.000000,1.010000,0.980000,0.995000,0.995000,39152000
2022-07-25,1.010000,1.040000,0.990000,0.995000,0.995000,72301100
2022-07-26,0.995000,0.995000,0.980000,0.990000,0.990000,51396900
2022-07-27,0.990000,1.000000,0.980000,0.995000,0.995000,31389700
2022-07-28,0.995000,0.995000,0.965000,0.970000,0.970000,54046200
2022-07-29,0.970000,0.980000,0.960000,0.965000,0.965000,54223000
2022-08-01,0.970000,0.990000,0.960000,0.990000,0.990000,29144400
2022-08-02,0.990000,1.020000,0.980000,0.980000,0.980000,61871900
2022-08-03,0.980000,0.990000,0.970000,0.970000,0.970000,43153800
2022-08-04,0.975000,1.010000,0.975000,1.010000,1.010000,37436300
2022-08-05,1.010000,1.050000,0.995000,1.010000,1.010000,69364700
2022-08-08,1.010000,1.020000,0.980000,0.985000,0.985000,37248200
2022-08-09,0.985000,1.000000,0.980000,0.985000,0.985000,25696000
2022-08-10,0.985000,0.985000,0.930000,0.930000,0.930000,110183800
2022-08-11,0.940000,0.945000,0.920000,0.925000,0.925000,53397700
2022-08-12,0.925000,0.930000,0.850000,0.855000,0.855000,121559700
2022-08-15,0.860000,0.870000,0.770000,0.795000,0.795000,178872900
2022-08-16,0.800000,0.855000,0.795000,0.835000,0.835000,143960700
2022-08-17,0.850000,0.870000,0.820000,0.860000,0.860000,71673500
2022-08-18,0.850000,0.870000,0.840000,0.865000,0.865000,61775100
2022-08-19,0.870000,0.890000,0.855000,0.870000,0.870000,50035100
2022-08-22,0.870000,0.875000,0.830000,0.835000,0.835000,35591400
2022-08-23,0.825000,0.835000,0.810000,0.830000,0.830000,52693300
2022-08-24,0.835000,0.835000,0.820000,0.835000,0.835000,29879900
2022-08-25,0.835000,0.855000,0.820000,0.840000,0.840000,36031800
2022-08-26,0.840000,0.850000,0.830000,0.830000,0.830000,41481100
2022-08-29,0.815000,0.830000,0.790000,0.800000,0.800000,53385600
2022-08-30,0.800000,0.815000,0.760000,0.805000,0.805000,86392500
2022-09-01,0.790000,0.810000,0.775000,0.800000,0.800000,52976100
2022-09-02,0.800000,0.815000,0.790000,0.805000,0.805000,52018700
2022-09-05,0.810000,0.830000,0.805000,0.820000,0.820000,34468600
2022-09-06,0.820000,0.830000,0.800000,0.800000,0.800000,42234800
2022-09-07,0.800000,0.815000,0.795000,0.805000,0.805000,42315600
2022-09-08,0.810000,0.815000,0.795000,0.795000,0.795000,28855400
2022-09-09,0.800000,0.805000,0.780000,0.795000,0.795000,34486400
2022-09-12,0.800000,0.825000,0.795000,0.820000,0.820000,59159800
2022-09-13,0.820000,0.830000,0.800000,0.805000,0.805000,33406300
2022-09-14,0.795000,0.805000,0.780000,0.785000,0.785000,61641800
2022-09-15,0.785000,0.795000,0.765000,0.765000,0.765000,63529000
2022-09-19,0.750000,0.760000,0.695000,0.705000,0.705000,110708700
2022-09-20,0.710000,0.715000,0.680000,0.705000,0.705000,112503400
2022-09-21,0.700000,0.705000,0.640000,0.645000,0.645000,230358200
2022-09-22,0.640000,0.645000,0.620000,0.630000,0.630000,98484500
2022-09-23,0.630000,0.650000,0.630000,0.650000,0.650000,88254500
2022-09-26,0.645000,0.655000,0.630000,0.635000,0.635000,77725800
2022-09-27,0.635000,0.650000,0.600000,0.610000,0.610000,132199700
2022-09-28,0.610000,0.610000,0.580000,0.590000,0.590000,104947100
2022-09-29,0.595000,0.605000,0.565000,0.585000,0.585000,138580100
2022-09-30,0.575000,0.625000,0.570000,0.625000,0.625000,109660500
2022-10-03,0.615000,0.620000,0.595000,0.595000,0.595000,78488800
2022-10-04,0.600000,0.630000,0.600000,0.620000,0.620000,60260500
2022-10-05,0.620000,0.655000,0.620000,0.640000,0.640000,77483900
2022-10-06,0.645000,0.680000,0.635000,0.675000,0.675000,114005600
2022-10-07,0.675000,0.705000,0.640000,0.645000,0.645000,97122900
2022-10-11,0.635000,0.635000,0.610000,0.625000,0.625000,50708200
2022-10-12,0.625000,0.650000,0.625000,0.635000,0.635000,48947700
2022-10-13,0.640000,0.710000,0.635000,0.690000,0.690000,130057500
2022-10-14,0.710000,0.715000,0.690000,0.690000,0.690000,102272000
2022-10-17,0.700000,0.740000,0.690000,0.740000,0.740000,110453000
2022-10-18,0.745000,0.755000,0.720000,0.740000,0.740000,101469500
2022-10-19,0.740000,0.755000,0.710000,0.725000,0.725000,73009900
2022-10-20,0.720000,0.745000,0.690000,0.735000,0.735000,79380200
2022-10-21,0.735000,0.745000,0.715000,0.730000,0.730000,36790100
2022-10-25,0.730000,0.740000,0.700000,0.715000,0.715000,50381700
2022-10-26,0.715000,0.760000,0.705000,0.755000,0.755000,113492800
2022-10-27,0.760000,0.790000,0.750000,0.775000,0.775000,93077800
2022-10-28,0.780000,0.805000,0.770000,0.790000,0.790000,98356100
2022-10-31,0.800000,0.835000,0.795000,0.795000,0.795000,181223700
2022-11-01,0.805000,0.805000,0.770000,0.800000,0.800000,86946100
2022-11-02,0.800000,0.820000,0.790000,0.810000,0.810000,54743900
2022-11-03,0.800000,0.800000,0.710000,0.720000,0.720000,144868100
2022-11-04,0.715000,0.770000,0.715000,0.765000,0.765000,73493300
2022-11-07,0.770000,0.790000,0.745000,0.790000,0.790000,58693200
2022-11-08,0.795000,0.850000,0.785000,0.845000,0.845000,110687600
2022-11-09,0.845000,0.870000,0.825000,0.840000,0.840000,113751700
2022-11-10,0.835000,0.890000,0.830000,0.885000,0.885000,91438000
2022-11-11,0.905000,0.970000,0.905000,0.960000,0.960000,181307600
2022-11-14,0.970000,1.030000,0.940000,1.020000,1.020000,150940400
2022-11-15,1.020000,1.050000,0.955000,0.970000,0.970000,127420100
2022-11-16,0.965000,0.985000,0.950000,0.960000,0.960000,55420800
2022-11-17,0.960000,0.970000,0.910000,0.925000,0.925000,70172900
2022-11-21,0.895000,0.960000,0.885000,0.945000,0.945000,49311100
2022-11-22,0.945000,0.955000,0.890000,0.910000,0.910000,60745100
2022-11-23,0.905000,0.915000,0.885000,0.895000,0.895000,33422500
2022-11-24,0.905000,0.985000,0.905000,0.985000,0.985000,80439400
2022-11-25,0.985000,0.990000,0.905000,0.910000,0.910000,87297000
2022-11-29,0.910000,0.925000,0.875000,0.875000,0.875000,75515500
2022-11-30,0.880000,0.900000,0.870000,0.870000,0.870000,81192000
2022-12-01,0.880000,0.885000,0.835000,0.845000,0.845000,58568300
2022-12-02,0.840000,0.865000,0.825000,0.845000,0.845000,48243500
2022-12-05,0.845000,0.855000,0.810000,0.815000,0.815000,32302200
2022-12-06,0.815000,0.845000,0.810000,0.815000,0.815000,37197900
2022-12-07,0.815000,0.835000,0.805000,0.815000,0.815000,29303500
2022-12-08,0.815000,0.825000,0.795000,0.805000,0.805000,31879400
2022-12-09,0.810000,0.860000,0.805000,0.840000,0.840000,41136200
2022-12-12,0.840000,0.850000,0.820000,0.825000,0.825000,23572700
2022-12-13,0.825000,0.825000,0.780000,0.785000,0.785000,36893700
2022-12-14,0.785000,0.790000,0.745000,0.785000,0.785000,63046100
2022-12-15,0.775000,0.775000,0.735000,0.735000,0.735000,45390500
2022-12-16,0.730000,0.745000,0.710000,0.725000,0.725000,60046600
2022-12-19,0.725000,0.735000,0.710000,0.710000,0.710000,34842100
2022-12-20,0.710000,0.720000,0.700000,0.705000,0.705000,40080200
2022-12-21,0.705000,0.725000,0.705000,0.720000,0.720000,30118800
2022-12-22,0.720000,0.760000,0.715000,0.755000,0.755000,54793400
2022-12-23,0.755000,0.835000,0.755000,0.820000,0.820000,127713000
2022-12-27,0.835000,0.925000,0.835000,0.925000,0.925000,149504200
2022-12-28,0.930000,0.950000,0.865000,0.895000,0.895000,103903900
2022-12-29,0.895000,0.930000,0.880000,0.910000,0.910000,78040700
2022-12-30,0.915000,0.925000,0.890000,0.905000,0.905000,56037600
2023-01-03,0.910000,0.925000,0.860000,0.865000,0.865000,54435300
2023-01-04,0.865000,0.880000,0.850000,0.860000,0.860000,35770100
2023-01-05,0.865000,0.930000,0.850000,0.910000,0.910000,77617600
2023-01-06,0.905000,0.920000,0.885000,0.895000,0.895000,57825200
2023-01-09,0.900000,0.900000,0.865000,0.870000,0.870000,29184100
2023-01-10,0.870000,0.875000,0.820000,0.850000,0.850000,47349200
2023-01-11,0.840000,0.860000,0.835000,0.845000,0.845000,27325400
2023-01-12,0.855000,0.865000,0.835000,0.845000,0.845000,19497700
2023-01-13,0.850000,0.850000,0.820000,0.825000,0.825000,24157700
2023-01-16,0.830000,0.890000,0.825000,0.890000,0.890000,61227000
2023-01-17,0.895000,0.900000,0.870000,0.885000,0.885000,28580500
2023-01-18,0.880000,0.895000,0.865000,0.890000,0.890000,26826000
2023-01-19,0.890000,0.920000,0.880000,0.895000,0.895000,37207100
2023-01-20,0.900000,0.905000,0.870000,0.895000,0.895000,21990000
2023-01-25,0.895000,0.895000,0.855000,0.870000,0.870000,27933100
2023-01-26,0.870000,0.920000,0.865000,0.915000,0.915000,40490500
2023-01-27,0.915000,0.925000,0.900000,0.915000,0.915000,24768900